Rank|System|Cores|Rmax (TFlop/s)|Rpeak (TFlop/s)|Power (kW)
1|Summit - IBM Power System AC922, IBM POWER9 22C 3.07GHz, NVIDIA Volta GV100, Dual-rail Mellanox EDR Infiniband , IBM DOE/SC/Oak Ridge National LaboratoryUnited States |2,414,592|148,600.0|200,794.9| 10,096
2|Sierra - IBM Power System S922LC, IBM POWER9 22C 3.1GHz, NVIDIA Volta GV100, Dual-rail Mellanox EDR Infiniband , IBM / NVIDIA / Mellanox DOE/NNSA/LLNLUnited States |1,572,480|94,640.0|125,712.0| 7,438.3
3|Sunway TaihuLight - Sunway MPP, Sunway SW26010 260C 1.45GHz, Sunway , NRCPC National Supercomputing Center in WuxiChina |10,649,600|93,014.6|125,435.9| 15,371
4|Tianhe-2A - TH-IVB-FEP Cluster, Intel Xeon E5-2692v2 12C 2.2GHz, TH Express-2, Matrix-2000 , NUDT National Super Computer Center in GuangzhouChina |4,981,760|61,444.5|100,678.7| 18,482
5|Frontera - Dell C6420, Xeon Platinum 8280 28C 2.7GHz, Mellanox InfiniBand HDR , Dell EMC Texas Advanced Computing Center/Univ. of TexasUnited States |448,448|23,516.4|38,745.9|
6|Piz Daint - Cray XC50, Xeon E5-2690v3 12C 2.6GHz, Aries interconnect , NVIDIA Tesla P100 , Cray Inc. Swiss National Supercomputing Centre (CSCS)Switzerland |387,872|21,230.0|27,154.3| 2,384.2
7|Trinity - Cray XC40, Xeon E5-2698v3 16C 2.3GHz, Intel Xeon Phi 7250 68C 1.4GHz, Aries interconnect , Cray Inc. DOE/NNSA/LANL/SNLUnited States |979,072|20,158.7|41,461.2| 7,578.1
8|AI Bridging Cloud Infrastructure (ABCI) - PRIMERGY CX2570 M4, Xeon Gold 6148 20C 2.4GHz, NVIDIA Tesla V100 SXM2, Infiniband EDR , Fujitsu National Institute of Advanced Industrial Science and Technology (AIST)Japan |391,680|19,880.0|32,576.6| 1,649.3
9|SuperMUC-NG - ThinkSystem SD650, Xeon Platinum 8174 24C 3.1GHz, Intel Omni-Path , Lenovo Leibniz RechenzentrumGermany |305,856|19,476.6|26,873.9|
10|Lassen - IBM Power System S922LC, IBM POWER9 22C 3.1GHz, Dual-rail Mellanox EDR Infiniband, NVIDIA Tesla V100 , IBM / NVIDIA / Mellanox DOE/NNSA/LLNLUnited States |288,288|18,200.0|23,047.2|
11|PANGEA III - IBM Power System AC922, IBM POWER9 18C 3.45GHz, Dual-rail Mellanox EDR Infiniband, NVIDIA Volta GV100 , IBM Total Exploration ProductionFrance |291,024|17,860.0|25,025.8| 1,367
12|Titan - Cray XK7, Opteron 6274 16C 2.200GHz, Cray Gemini interconnect, NVIDIA K20x , Cray Inc. DOE/SC/Oak Ridge National LaboratoryUnited States |560,640|17,590.0|27,112.5| 8,209
13|Sequoia - BlueGene/Q, Power BQC 16C 1.60 GHz, Custom , IBM DOE/NNSA/LLNLUnited States |1,572,864|17,173.2|20,132.7| 7,890
14|Cori - Cray XC40, Intel Xeon Phi 7250 68C 1.4GHz, Aries interconnect , Cray Inc. DOE/SC/LBNL/NERSCUnited States |622,336|14,014.7|27,880.7| 3,939
15|Nurion - Cray CS500, Intel Xeon Phi 7250 68C 1.4GHz, Intel Omni-Path , Cray Inc. Korea Institute of Science and Technology InformationKorea, South |570,020|13,929.3|25,705.9|
16|Oakforest-PACS - PRIMERGY CX1640 M1, Intel Xeon Phi 7250 68C 1.4GHz, Intel Omni-Path , Fujitsu Joint Center for Advanced High Performance ComputingJapan |556,104|13,554.6|24,913.5| 2,718.7
17|HPC4 - Proliant DL380 Gen10, Xeon Platinum 8160 24C 2.1GHz, Mellanox InfiniBand EDR, NVIDIA Tesla P100 , HPE Eni S.p.A.Italy |253,600|12,210.0|18,621.1| 1,320
18|Tera-1000-2 - Bull Sequana X1000, Intel Xeon Phi 7250 68C 1.4GHz, Bull BXI 1.2 , Bull, Atos Group Commissariat a l'Energie Atomique (CEA)France |561,408|11,965.5|23,396.4| 3,178
19|Stampede2 - PowerEdge C6320P/C6420, Intel Xeon Phi 7250 68C 1.4GHz/Platinum 8160, Intel Omni-Path , Dell EMC Texas Advanced Computing Center/Univ. of TexasUnited States |367,024|10,680.7|18,309.2|
20|K computer, SPARC64 VIIIfx 2.0GHz, Tofu interconnect , Fujitsu RIKEN Advanced Institute for Computational Science (AICS)Japan |705,024|10,510.0|11,280.4| 12,659.9
21|Marconi Intel Xeon Phi - CINECA Cluster, Lenovo SD530/S720AP, Intel Xeon Phi 7250 68C 1.4GHz/Platinum 8160, Intel Omni-Path , Lenovo CINECAItaly |348,000|10,384.9|18,816.0|
22|DGX SuperPOD - NVIDIA DGX-2H, Xeon Platinum 8174 24C 3.1GHz, NVIDIA Tesla V100, Mellanox InfiniBand EDR , Nvidia NVIDIA CorporationUnited States |127,488|9,444.0|11,209.1|
23|Taiwania 2 - QCT QuantaGrid D52G-4U/LC, Xeon Gold 6154 18C 3GHz, Mellanox InfiniBand EDR, NVIDIA Tesla V100 SXM2 , Quanta Computer / Taiwan Fixed Network / ASUS Cloud National Center for High Performance ComputingTaiwan |170,352|9,000.0|15,208.2| 797.5
24|Mira - BlueGene/Q, Power BQC 16C 1.60GHz, Custom , IBM DOE/SC/Argonne National LaboratoryUnited States |786,432|8,586.6|10,066.3| 3,945
25|TSUBAME3.0 - SGI ICE XA, IP139-SXM2, Xeon E5-2680v4 14C 2.4GHz, Intel Omni-Path, NVIDIA Tesla P100 SXM2 , HPE GSIC Center, Tokyo Institute of TechnologyJapan |135,828|8,125.0|12,127.1| 792.1
26|PupMaya - Apollo 2000, Xeon Gold 6148 20C 2.4GHz, Infiniband EDR , HPE GovernmentUnited States |169,920|7,483.7|12,902.4|
27|Cray XC40, Xeon E5-2695v4 18C 2.1GHz, Aries interconnect , Cray Inc. United Kingdom Meteorological OfficeUnited Kingdom |241,920|7,038.9|8,128.5|
28|Theta - Cray XC40, Intel Xeon Phi 7230 64C 1.3GHz, Aries interconnect , Cray Inc. DOE/SC/Argonne National LaboratoryUnited States |280,320|6,920.9|11,661.3|
29|MareNostrum - Lenovo SD530, Xeon Platinum 8160 24C 2.1GHz, Intel Omni-Path , Lenovo Barcelona Supercomputing CenterSpain |153,216|6,470.8|10,296.1| 1,632
30|JUWELS Module 1 - Bull Sequana X1000, Xeon Platinum 8168 24C 2.7GHz, Mellanox EDR InfiniBand/ParTec ParaStation ClusterSuite , Bull, Atos Group Forschungszentrum Juelich (FZJ)Germany |114,480|6,177.7|9,891.1| 1,361
31|Pleiades - SGI ICE X, Intel Xeon E5-2670/E5-2680v2/E5-2680v3/E5-2680v4 2.6/2.8/2.5/2.4 GHz, Infiniband FDR , HPE NASA/Ames Research Center/NASUnited States |241,108|5,951.6|7,107.1| 4,407
32|Cray XC50, Xeon Platinum 8160 24C 2.1GHz, Aries interconnect , Cray Inc./Hitachi Japan Meteorological AgencyJapan |135,792|5,730.5|9,125.2| 1,354.0
33|Cray XC50, Xeon Platinum 8160 24C 2.1GHz, Aries interconnect , Cray Inc./Hitachi Japan Meteorological AgencyJapan |135,792|5,730.5|9,125.2| 1,354.0
34|Hazel Hen - Cray XC40, Xeon E5-2680v3 12C 2.5GHz, Aries interconnect , Cray Inc. HLRS - Höchstleistungsrechenzentrum StuttgartGermany |185,088|5,640.2|7,403.5| 3,615
35|COBRA - Intel Compute Module HNS2600BP, Xeon Gold 6148 20C 2.4GHz, Intel Omni-Path , Intel Max-Planck-Gesellschaft MPI/IPPGermany |127,520|5,612.8|9,793.5| 1,635
36|Shaheen II - Cray XC40, Xeon E5-2698v3 16C 2.3GHz, Aries interconnect , Cray Inc. King Abdullah University of Science and TechnologySaudi Arabia |196,608|5,537.0|7,235.2| 2,834
37|Electra - HPE SGI 8600/SGI ICE-X, E5-2680V4/ Xeon Gold 6148 20C 2.4GHz, Infiniband EDR/FDR-56 IB , HPE NASA/Ames Research Center/NASUnited States |124,416|5,444.6|8,316.5| 1,685.7
38|Pangea - SGI ICE X, Xeon Xeon E5-2670/ E5-2680v3 12C 2.5GHz, Infiniband FDR , HPE Total Exploration ProductionFrance |220,800|5,283.1|6,712.3| 4,150
39|Eagle - HPE SGI 8600, Xeon Gold 6154 18C 3GHz, EDR Infiniband/ 8D Hypercube , HPE National Renewable Energy LaboratoryUnited States |75,600|4,850.7|7,257.6|
40|Cheyenne - SGI ICE XA, Xeon E5-2697v4 18C 2.3GHz, Infiniband EDR , HPE National Center for Atmospheric Research (NCAR)United States |144,900|4,788.2|5,332.3| 1,727
41|ITO - Subsystem A - Fujitsu PRIMERGY CX2550/CX2560 M4, Xeon Gold 6154 18C 3GHz, Mellanox InfiniBand EDR , Fujitsu Research Institute for Information Technology, Kyushu UniversityJapan |72,000|4,540.7|6,912.0|
42|Jean Zay - HPE SGI 8600, Xeon Gold 6248 20C 2.5GHz, NVIDIA Tesla V100 SXM2, Intel Omni-Path , HPE CNRS/IDRIS-GENCIFrance |93,960|4,478.0|7,345.6|
43|Advanced Computing System(PreE) - Sugon TC8600, Hygon Dhyana 32C 2GHz, Deep Computing Processor, 200Gb 6D-Torus , Sugon SugonChina |163,840|4,325.0|6,134.2| 380
44|Vulcan - BlueGene/Q, Power BQC 16C 1.600GHz, Custom Interconnect , IBM DOE/NNSA/LLNLUnited States |393,216|4,293.3|5,033.2| 1,972
45|Oakbridge-CX - Fujitsu PRIMERGY CX2550/CX2560 M5, Xeon Platinum 8280 28C 2.7GHz, Intel Omni-Path , Fujitsu Information Technology Center, The University of TokyoJapan |76,608|4,289.9|6,618.9| 845.1
46|Apollo 6500 XL270d Gen10, Xeon Gold 6140 18C 2.3GHz, Mellanox InfiniBand EDR, NVIDIA Tesla V100 SXM2 , HPE Research InstituteJapan |70,416|4,128.0|5,783.8|
47|JOLIOT-CURIE SKL - Bull Sequana X1000, Xeon Platinum 8168 24C 2.7GHz, Mellanox EDR , Bull, Atos Group CEA/TGCC-GENCIFrance |79,488|4,065.6|6,635.5| 917
48|Abel - Cray XC30, Xeon E5-2698v3 16C 2.3GHz, Aries interconnect , Cray Inc. Petroleum Geo-ServicesUnited States |145,920|4,042.5|5,369.9| 1,800
49|Cray XC40, Xeon E5-2695v4 18C 2.1GHz, Aries interconnect , Cray Inc. ECMWFUnited Kingdom |126,468|3,944.7|4,249.3| 1,897.0
50|Cray XC40, Xeon E5-2695v4 18C 2.1GHz, Aries interconnect , Cray Inc. ECMWFUnited Kingdom |126,468|3,944.7|4,249.3| 1,897.0
51|TX-GAIA (Green AI Accelerator) - Apollo 2000, Xeon Gold 6248 20C 2.5GHz, NVIDIA Tesla V100, Intel Omni-Path , HPE MIT Lincoln Laboratory Supercomputing CenterUnited States |86,800|3,902.0|6,855.1|
52|JURECA - T-Platforms V-Class/Dell C6320P, E5-2680v3/Phi 7250-F, EDR/Intel Omni-Path/ParTec ParaStation, Tesla K80/K40 , T-Platforms, Intel, Dell Forschungszentrum Juelich (FZJ)Germany |155,150|3,782.6|6,563.8| 1,345.3
53|Pratyush - Cray XC40, Xeon E5-2695v4 18C 2.1GHz, Aries interconnect , Cray Inc. Indian Institute of Tropical MeteorologyIndia |119,232|3,763.9|4,006.2| 1,353.2
54|Apollo 6500 XL270d Gen10, Xeon Gold 6150/6152 18C 2.7GHz, Mellanox InfiniBand EDR, NVIDIA Tesla V100 SXM2 , HPE SAKURA Internet Inc. / Prunus Solutions Inc.Japan |65,208|3,712.0|5,365.1|
55|Joule 2.0 - HP ProLiant XL170r/XL190r/DL360 Gen10, Xeon Gold 6148 20C 2.4GHz, Intel Omni-Path, NVIDIA Tesla P100 , HPE DOE/National Energy Technology LaboratoryUnited States |86,400|3,608.6|5,750.8|
56|Cray CS-Storm, Intel Xeon E5-2660v2 10C 2.2GHz, Infiniband FDR, Nvidia K40 , Cray Inc. GovernmentUnited States |72,800|3,577.0|6,131.8| 1,498.9
57|Cray CS-Storm, Intel Xeon E5-2660v2 10C 2.2GHz, Infiniband FDR, Nvidia K40 , Cray Inc. GovernmentUnited States |72,800|3,577.0|6,131.8| 1,498.9
58|ONYX - Cray XC40, Intel Xeon Phi 7230 64C 1.3GHz/Xeon E5-2699v4, Aries interconnect , Cray Inc. ERDC DSRCUnited States |160,304|3,409.6|5,865.5|
59|Topaz - SGI ICE X, Xeon E5-2699v3 18C 2.3GHz, Infiniband FDR , HPE ERDC DSRCUnited States |124,200|3,318.9|4,570.6| 5,175
60|NVIDIA DGX-1/Relion 2904GT, Xeon E5-2698v4 20C 2.2GHz/ E5-2650v4, Infiniband EDR, NVIDIA Tesla P100/Quadro GP100 , Self-made FacebookUnited States |60,512|3,307.0|4,896.5| 349.5
61|DGX Saturn V - NVIDIA DGX-1, Xeon E5-2698v4 20C 2.2GHz, Infiniband EDR, NVIDIA Tesla P100 , Nvidia NVIDIA CorporationUnited States |60,512|3,307.0|4,896.5| 349.5
62|Orion - PowerEdge C6420, Xeon Gold 6148 20C 2.4GHz, Infiniband HDR , Dell EMC Mississippi State UniversityUnited States |67,240|3,290.6|4,733.7|
63|Damson - Bull Sequana X1000, Xeon E5-2697v4 18C 2.3GHz, Infiniband EDR , Bull, Atos Group AWEUnited Kingdom |113,832|3,243.4|3,791.6| 1,134
64|Mustang - HPE SGI 8600, Xeon Platinum 8168 24C 2.7GHz, Intel Omni-Path , HPE Air Force Research LaboratoryUnited States |55,296|3,221.4|4,777.6|
65|HPC2 - iDataPlex DX360M4, Intel Xeon E5-2680v2 10C 2.8GHz, Infiniband FDR, NVIDIA K20x , IBM Eni S.p.A.Italy |72,000|3,188.0|4,605.0| 1,227
66|SORA-MA - Fujitsu PRIMEHPC FX100, SPARC64 XIfx 32C 1.98GHz, Tofu interconnect 2 , Fujitsu Japan Aerospace eXploration AgencyJapan |110,160|3,157.0|3,481.1| 1,652.4
67|Cray XC30, Intel Xeon E5-2697v2 12C 2.7GHz, Aries interconnect , Cray Inc. GovernmentUnited States |225,984|3,143.5|4,881.3| 6,327.6
68|Thunder - SGI ICE X, Xeon E5-2699v3/E5-2697 v3, Infiniband FDR, NVIDIA Tesla K40, Intel Xeon Phi 7120P , HPE Air Force Research LaboratoryUnited States |152,692|3,126.2|5,610.5| 4,819.5
69|Niagara - ThinkSystem SD530, Xeon Gold 6148 20C 2.4GHz, Infiniband EDR , Lenovo SciNet/University of Toronto/Compute CanadaCanada |60,000|3,074.2|4,608.0| 676.3
70|Camphor 2 - Cray XC40, Intel Xeon Phi 7250 68C 1.4GHz, Aries interconnect , Cray Inc. Academic Center for Computing and Media Studies (ACCMS), Kyoto UniversityJapan |122,400|3,057.3|5,483.5| 748.1
71|Circe - NVIDIA DGX-2H POD, Xeon Platinum 8174 24C 3.1GHz, Mellanox InfiniBand EDR, NVIDIA Tesla V100 SXM2 , Nvidia NVIDIA CorporationUnited States |47,808|3,057.0|4,241.4|
72|Jean Zay - HPE SGI 8600, Xeon Gold 6248 20C 2.5GHz, Intel Omni-Path , HPE CNRS/IDRIS-GENCIFrance |61,120|3,054.3|4,867.2|
73|Mistral - bullx DLC 720, Xeon E5-2680v3 12C 2.5GHz/E5-2695V4 18C 2.1Ghz, Infiniband FDR , Bull, Atos Group DKRZ - Deutsches KlimarechenzentrumGermany |99,072|3,010.7|3,962.9| 1,116
74|Tetralith - Intel H2204XXLRE, Xeon Gold 6130 16C 2.1GHz, Intel Omni-Path , ClusterVision / Hammer National Supercomputer Centre (NSC)Sweden |64,512|2,969.2|4,335.2|
75|Fujitsu PRIMEHPC FX100, SPARC64 XIfx 32C 2.2GHz, Tofu interconnect 2 , Fujitsu Information Technology Center, Nagoya UniversityJapan |92,160|2,910.0|3,244.0| 1,382.4
76|SuperMUC - iDataPlex DX360M4, Xeon E5-2680 8C 2.70GHz, Infiniband FDR , IBM/Lenovo Leibniz RechenzentrumGermany |147,456|2,897.0|3,185.1| 3,422.7
77|SuperMUC Phase 2 - NeXtScale nx360M5, Xeon E5-2697v3 14C 2.6GHz, Infiniband FDR14 , Lenovo/IBM Leibniz RechenzentrumGermany |86,016|2,813.6|3,578.3| 1,480.8
78|Cray XC40, Xeon E5-2695v4 18C 2.1GHz, Aries interconnect , Cray Inc. United Kingdom Meteorological OfficeUnited Kingdom |89,856|2,801.8|3,019.2| 1,347.8
79|Cray XC40, Xeon E5-2695v4 18C 2.1GHz, Aries interconnect , Cray Inc. United Kingdom Meteorological OfficeUnited Kingdom |89,856|2,801.8|3,019.2| 1,347.8
80|JFRS-1 - Cray XC50, Xeon Gold 6148 20C 2.4GHz, Aries interconnect , Cray Inc. Rokkasho Fusion Institute, National Institutes for Quantum and Radiological Science and TechnologyJapan |54,560|2,787.1|4,190.2| 697.5
81|TSUBAME 2.5 - Cluster Platform SL390s G7, Xeon X5670 6C 2.93GHz, Infiniband QDR, NVIDIA K20x , NEC/HPE GSIC Center, Tokyo Institute of TechnologyJapan |76,032|2,785.0|5,735.7| 1,398.6
82|VSC-4 - ThinkSystem SD650, Xeon Platinum 8174 24C 3.1GHz, Intel Omni-Path , Lenovo Vienna Scientific ClusterAustria |37,920|2,726.1|3,761.7|
83|LLNL/NNSA CTS-1 Jade - Tundra Extreme Scale, Xeon E5-2695v4 18C 2.1GHz, Intel Omni-Path , Penguin Computing, Inc. Lawrence Livermore National LaboratoryUnited States |95,472|2,632.5|3,207.9| 13,620
84|LLNL CTS-1 Quartz - Tundra Extreme Scale, Xeon E5-2695v4 18C 2.1GHz, Intel Omni-Path , Penguin Computing, Inc. Lawrence Livermore National LaboratoryUnited States |95,472|2,632.5|3,207.9| 13,620
85|HPC3 - Lenovo NeXtScale nx360M5, Xeon E5-2697v4 18C 2.3GHz, Infiniband EDR, NVIDIA Tesla K80 , Lenovo Energy Company (A)Italy |66,000|2,592.0|3,798.6|
86|Mihir - Cray XC40, Xeon E5-2695v4 18C 2.1GHz, Aries interconnect , Cray Inc. National Centre for Medium Range Weather ForecastingIndia |83,592|2,570.4|2,808.7| 954.7
87|Tianhe-1A - NUDT YH MPP, Xeon X5670 6C 2.93 GHz, NVIDIA 2050 , NUDT National Supercomputing Center in TianjinChina |186,368|2,566.0|4,701.0| 4,040
88|PAI-BSystem - Sugon TC4600LP/W740I, Xeon Gold 6142 16C 2.6GHz, Infiniband EDR, NVIDIA Tesla P100 , Sugon China Meteorological AdministrationChina |50,816|2,547.0|4,229.8| 710
89|cascade - Atipa Visione IF442 Blade Server, Xeon E5-2670 8C 2.600GHz, Infiniband FDR, Intel Xeon Phi 5110P , Atipa Technology DOE/SC/Pacific Northwest National LaboratoryUnited States |194,616|2,539.1|3,388.0| 1,384
90|occigen2 - bullx DLC 720, Xeon E5-2690v4 14C 2.6GHz, Infiniband FDR , Bull, Atos Group Grand Equipement National de Calcul Intensif - Centre Informatique National de l'Enseignement Suprieur (GENCI-CINES)France |85,824|2,494.7|3,570.3| 1,430
91|Excalibur - Cray XC40, Xeon E5-2698v3 16C 2.3GHz, Aries interconnect , Cray Inc. Army Research Laboratory DoD Supercomputing Resource Center (ARL DSRC)United States |100,064|2,485.0|3,682.4| 1,465.8
92|CLAIX (2018) - INTEL-HNS2600BPB, Xeon Platinum 8160 24C 2.1GHz, Intel Omni-Path , NEC Universitaet Aachen/RWTH - IT CenterGermany |61,200|2,483.6|4,112.6| 692.1
93|Lomonosov 2 - T-Platform A-Class Cluster, Xeon E5-2697v3 14C 2.6GHz,Intel Xeon Gold 6126, Infiniband FDR, Nvidia K40m/P-100 , T-Platforms Moscow State University - Research Computing CenterRussia |64,384|2,478.0|4,946.8|
94|B1 - Lenovo HR650x, Xeon Gold 6133 20C 2.5GHz, 25G Ethernet , Lenovo Service Provider TChina |60,000|2,462.4|4,800.0|
95|Centennial - SGI ICE XA, Xeon E5-2698v4 20C 2.2GHz, Infiniband EDR , HPE US Army Research Laboratory (ARL)United States |73,920|2,443.7|2,602.0| 835
96|PAI-ASystem - Sugon TC4600, Xeon Gold 6142 16C 2.6GHz, Infiniband EDR , Sugon China Meteorological AdministrationChina |48,128|2,435.0|4,004.2| 740
97|C1 - Lenovo HR650x, Xeon Gold 6133 20C 2.5GHz, 25G Ethernet , Lenovo Service Provider TChina |59,200|2,433.8|4,736.0|
98|D1 - Lenovo HR650x, Xeon Gold 6133 20C 2.5GHz, 25G Ethernet , Lenovo Service Provider TChina |58,800|2,421.6|4,704.0|
99|Nuri - Cray XC40, Xeon E5-2690v3 12C 2.6GHz, Aries interconnect , Cray Inc. Korea Meteorological AdministrationKorea, South |69,600|2,395.7|2,895.4| 1,359.4
100|Miri - Cray XC40, Xeon E5-2690v3 12C 2.6GHz, Aries interconnect , Cray Inc. Korea Meteorological AdministrationKorea, South |69,600|2,395.7|2,895.4| 1,359.4
101|E1 - Lenovo HR650x, Xeon Gold 6133 20C 2.5GHz, 25G Ethernet , Lenovo Service Provider TChina |58,000|2,392.4|4,640.0|
102|Plasma Simulator - Fujitsu PRIMEHPC FX100, SPARC64 XIfx 32C 1.98GHz, Tofu interconnect 2 , Fujitsu National Institute for Fusion Science (NIFS)Japan |82,944|2,376.0|2,621.0| 1,244.2
103|Makman-3 - PowerEdge R440/C6320p, Intel Xeon Phi 7250/Xeon Gold 6130 16C 2.1GHz, Intel Omni-Path , Dell EMC Saudi AramcoSaudi Arabia |53,300|2,322.5|3,581.8| 608
104|F1 - Lenovo HR650x, Xeon Gold 6133 20C 2.5GHz, 25G Ethernet , Lenovo Service Provider TChina |56,000|2,317.9|4,480.0|
105|Inspur TS10000, Xeon Gold 6130 16C 2.1GHz, NVIDIA Tesla V100, 25G Ethernet , Inspur Internet Service PChina |55,104|2,287.0|4,890.0|
106|Béluga - Dell EMC PowerEdge R640, Xeon Gold 6148 20C 2.4GHz, NVIDIA Tesla V100, Infiniband EDR , Dell EMC Calcul Québec/Compute CanadaCanada |72,480|2,278.0|7,494.8| 240
107|Cumulus - PowerEdge C6420/C6320, Intel Xeon Phi 7210/Xeon Gold 6142F 16C 2.6GHz, Intel Omni-Path , Dell EMC University of CambridgeUnited Kingdom |50,176|2,271.4|2,688.0| 530
108|Makman-2 - Dell PowerEdge R630, Xeon E5-2680v3 12C 2.5GHz, Infiniband QDR , Dell EMC Saudi AramcoSaudi Arabia |76,032|2,249.7|3,041.3| 1,134
109|G1 - Lenovo HR650x, Xeon Gold 6133 20C 2.5GHz, 25G Ethernet , Lenovo Service Provider TChina |54,000|2,242.9|4,320.0|
110|Sugon TC6000, Xeon Gold 6130 16C 2.1GHz, 25G Ethernet , Sugon Internet CompanyChina |67,200|2,192.0|4,515.8| 740
111|Prolix2 - bullx DLC 720, Xeon E5-2698v4 20C 2.2GHz, Infiniband FDR , Bull, Atos Group Meteo FranceFrance |72,000|2,168.0|2,534.4| 830.4
112|H1 - Lenovo HR650x, Xeon Gold 6133 20C 2.5GHz, 25G Ethernet , Lenovo Service Provider TChina |52,000|2,166.5|4,160.0|
113|Beaufix2 - bullx DLC 720, Xeon E5-2698v4 20C 2.2GHz, Infiniband FDR , Bull, Atos Group Meteo FranceFrance |73,440|2,157.4|2,585.1| 830.2
114|Sugon TC6000, Xeon Gold 5118 12C 2.3GHz, 10G Ethernet , Sugon Internet CompanyChina |121,920|2,152.0|8,973.3| 1,625
115|INSPUR NF5288M5, Xeon Gold 6130 16C 2.1GHz, NVIDIA Tesla V100, 100G Ethernet , Inspur Internet CompanyChina |53,760|2,109.0|4,652.0|
116|I1 - Lenovo HR650x, Xeon Gold 6133 20C 2.5GHz, 25G Ethernet , Lenovo Service Provider TChina |50,000|2,094.0|4,000.0|
117|ATERUI II - Cray XC50, Xeon Gold 6148 20C 2.4GHz, Aries interconnect , Cray Inc. National Astronomical Observatory of JapanJapan |40,000|2,090.0|3,072.0| 495.9
118|JD I1 - ThinkSystem SR650, Xeon Gold 6148 20C 2.4GHz, 10G Ethernet , Lenovo Internet CompanyChina |52,320|2,074.0|4,018.2|
119|Tianhe-2 LvLiang Solution - Tianhe-2 LvLiang, Intel Xeon E5-2692v2 12C 2.2GHz, TH Express-2, Intel Xeon Phi 31S1P , NUDT LvLiang Cloud Computing CenterChina |174,720|2,071.4|3,074.5| 997
120|J1 - Lenovo HR650x, Xeon Gold 6133 20C 2.5GHz, 25G Ethernet , Lenovo Service Provider TChina |48,000|2,014.5|3,840.0|
121|Sugon TC6000, Xeon Gold 5118 12C 2.3GHz, 10G Ethernet , Sugon Internet CompanyChina |110,880|2,007.0|8,160.8| 1,470
122|Koehr - HPE SGI 8600, Xeon Platinum 8168 24C 2.7GHz, Intel Omni-Path , HPE Navy DSRCUnited States |34,560|2,002.0|2,986.0|
123|Gaffney - HPE SGI 8600, Xeon Platinum 8168 24C 2.7GHz, Intel Omni-Path , HPE Navy DSRCUnited States |34,560|2,002.0|2,986.0|
124|Grand Chariot - PRIMERGY CX2550 M4 M4, Xeon Gold 6148 20C 2.4GHz, Intel Omni-Path , Fujitsu Information Initiative Center, Hokkaido UniversityJapan |39,760|2,000.0|3,053.6|
125|TTSystem - Sugon TC6000, Xeon E5-2630v4 10C 2.2GHz, 10G Ethernet , Sugon Internet Service (B)China |116,600|1,997.0|4,104.3| 1,200
126|K1 - Lenovo HR650x, Xeon Gold 6133 20C 2.5GHz, 25G Ethernet , Lenovo Service Provider TChina |47,200|1,983.2|3,776.0|
127|Gaïa - Bull intel Cluster, Xeon Gold 6140 18C 2.3GHz, Intel Omni-Path , Bull, Atos Group EDFFrance |41,472|1,980.5|3,052.3| 512
128|HKVDPSystem - Sugon TC6000, Xeon E5-2620v4 8C 2.1GHz, 10G Ethernet , Sugon Internet CompanyChina |121,920|1,979.0|4,096.5| 1,216
129|HKVDPSystem - Sugon TC6000, Xeon E5-2620v4 8C 2.1GHz, 10G Ethernet , Sugon IT Service ProviderChina |121,920|1,979.0|4,096.5| 1,216
130|bsystem - Sugon TC6000, Xeon Gold 6130 16C 2.1GHz, 25G Ethernet , Sugon Internet CompanyChina |60,800|1,976.0|4,085.8| 660
131|Mogon II - NEC Cluster, Xeon Gold 6130 16C 2.1GHz, MEGWARE MiriQuid Xeon E5-2630v4, Intel Omni-Path , NEC/MEGWARE Universitaet MainzGermany |49,432|1,967.8|2,800.9| 657
132|Biowulf - Apollo 2000 Gen 8/9, Xeon E5-2680v4/E5-2695v3 14C 2.4GHz, Infiniband FDR , HPE National Institutes of Health (NIH)United States |66,304|1,966.1|2,491.4|
133|MagicCube3 - Sugon TC6000, Xeon Gold 6142 16C 2.6GHz, Intel Omni-Path, NVIDIA Tesla V100 , Sugon Shanghai Supercomputer CenterChina |41,472|1,952.0|3,472.5| 410
134|SGI ICE X, Xeon E5-2680v3 12C 2.5GHz, Infiniband FDR , HPE Japan Atomic Energy Agency (JAEA)Japan |60,240|1,929.4|2,409.6| 3,012
135|CTcluster - Sugon TC6000, Xeon Gold 6140 18C 2.3GHz, 10G Ethernet , Sugon Telecom CompanyChina |54,000|1,928.0|3,974.4| 520
136|Amazon EC2 C5 Instance cluster us-east-1a - Amazon EC2 Instance Cluster C5, Xeon Platinum 8124M 18C 3GHz, 25G Ethernet , Amazon Web Services Descartes LabsUnited States |41,472|1,926.4|3,981.3|
137|Huawei 2288H V5, Xeon Gold 6150 18C 2.7GHz, 10G Ethernet , Huawei Technologies Co., Ltd. Energy CompanyChina |49,680|1,914.4|4,292.4| 732.8
138|Piz Daint Multicore - Cray XC40, Xeon E5-2695v4 18C 2.1GHz, Aries interconnect , Cray Inc. Swiss National Supercomputing Centre (CSCS)Switzerland |65,268|1,896.8|2,193.0| 732.4
139|A1 - Lenovo HR650x, Xeon Gold 6148 20C 2.4GHz, 25G Ethernet , Lenovo Service Provider TChina |47,040|1,882.6|3,612.7|
140|Tera-1000-1 - bullx DLC 720, Xeon E5-2698v3 16C 2.3GHz, Infiniband FDR , Bull, Atos Group Commissariat a l'Energie Atomique (CEA)France |70,272|1,871.0|2,586.0| 1,042
141|bsystem - Sugon TC6000, Xeon Gold 6130 16C 2.1GHz, 25G Ethernet , Sugon Internet CompanyChina |55,040|1,838.0|3,698.7| 600
142|Fênix - SYS-1029GQ-TRT, Xeon Gold 5122 4C 3.6GHz, Infiniband EDR, NVIDIA Tesla V100 , Bull, Atos Group Petróleo Brasileiro S.ABrazil |48,384|1,836.0|4,297.4| 287
143|Lenovo HR650x, Xeon Gold 6133 20C 2.5GHz, 25G Ethernet , Lenovo Service Provider TChina |43,200|1,831.5|3,456.0|
144|scafellpike - Bull Sequana X1000, Intel Xeon Phi 7210 64C 1.3GHz/Xeon Gold 6142, Mellanox EDR , Bull, Atos Group Science and Technology Facilities CouncilUnited Kingdom |80,640|1,829.9|4,329.7| 529
145|ThinkSystem SR650, Xeon Gold 6138 20C 2GHz, 10G Ethernet, NVIDIA Tesla P100 , Lenovo Financial Company PChina |66,080|1,828.0|4,981.8|
146|JGV100System - Sugon TC6000, Xeon E5-2680v4 14C 2.4GHz, NVIDIA Tesla V100, 10G Ethernet , Sugon Internet CompanyChina |41,760|1,825.0|3,353.2| 240
147|Bank P A2 - ThinkSystem SR650, Xeon Gold 6148 20C 2.4GHz, NVIDIA Tesla V100, 10G Ethernet , Lenovo Financial Company PChina |36,000|1,809.3|3,021.6|
148|Bank P A2 - ThinkSystem SR650, Xeon Gold 6148 20C 2.4GHz, NVIDIA Tesla V100, 10G Ethernet , Lenovo Financial Company PChina |36,000|1,809.3|3,021.6|
149|JCSystem - Sugon TC6000, Xeon E5-2620v4 8C 2.1GHz, 10G Ethernet , Sugon Internet CompanyChina |110,080|1,807.0|3,698.7| 1,100
150|S1 - ThinkSystem Flex SN550, Xeon Gold 6150 18C 2.7GHz, Infiniband FDR , Lenovo GovernmentChina |33,840|1,804.0|2,923.8|
151|Beskow - Cray XC40, Xeon E5-2695v4/E5-2698v3 16C 2.3GHz, Aries interconnect , Cray Inc. KTH - Royal Institute of TechnologySweden |67,456|1,802.5|2,438.1| 842
152|ESSystem - Sugon TC6000, Xeon E5-2630v4 10C 2.2GHz, 10G Ethernet , Sugon State Grid CorpChina |105,000|1,790.0|3,696.0| 1,100
153|Molecular Simulator - NEC LX Cluster, Xeon Gold 6148/6154, Intel Omni-Path , NEC Institute for Molecular ScienceJapan |38,552|1,785.6|3,072.8| 544.5
154|R1 - ThinkSystem Flex SN550, Xeon Gold 6150 18C 2.7GHz, Infiniband FDR , Lenovo GovernmentChina |33,120|1,768.6|2,861.6|
155|Sugon TC6000, Xeon Gold 5118 12C 2.3GHz, 10G Ethernet , Sugon Internet CompanyChina |99,360|1,765.0|7,312.9| 1,320
156|Astra - Apollo 70, Cavium ThunderX2 ARM CN9975-2000 28C 2GHz, 4xEDR Infiniband , HPE Sandia National LaboratoriesUnited States |138,096|1,758.0|2,209.5|
157|QURIOSITY - Apollo XL230k, Xeon Gold 6148 20C 2.4GHz, Intel Omni-Path , HPE BASFGermany |35,280|1,750.2|2,709.5|
158|CSystem - Sugon TC6000, Xeon Gold 5118 12C 2.3GHz, 10G Ethernet , Sugon CMCCChina |97,920|1,736.0|7,206.9| 1,000
159|Q1 - ThinkSystem Flex SN550, Xeon Gold 6150 18C 2.7GHz, Infiniband FDR , Lenovo GovernmentChina |32,400|1,735.7|2,799.4|
160|Inspur SA5212H5, Xeon Platinum 8163 24C 2.5GHz, 10G Ethernet , Inspur Internet Service AChina |38,400|1,729.0|3,072.0|
161|Inspur SA5212H5, Xeon Platinum 8163 24C 2.5GHz, 10G Ethernet , Inspur Internet Service AChina |38,400|1,729.0|3,072.0|
162|Inspur SA5212H5, Xeon Platinum 8163 24C 2.5GHz, 10G Ethernet , Inspur Internet Service AChina |38,400|1,729.0|3,072.0|
163|Internet Company T DD1 - Lenovo RD350, Xeon E5-2620v4 8C 2.1GHz, 10G Ethernet , Lenovo Service Provider TChina |118,400|1,728.9|3,978.2|
164|Marconi Intel Xeon - Lenovo NeXtScale nx360M5, Xeon E5-2697v4 18C 2.3GHz, Omni-Path , Lenovo CINECAItaly |54,432|1,723.9|2,003.1| 1,360.8
165|Inspur TS10000, Xeon E5-2682v4 16C 2.5GHz, 10G Ethernet, NVIDIA Tesla P100 , Inspur Internet Service AChina |39,680|1,714.0|3,149.6|
166|Puhti - Bull Sequana X1000, Xeon Gold 6230 20C 2.1GHz, Mellanox HDR100 , Bull, Atos Group CSC (Center for Scientific Computing)Finland |40,000|1,706.7|2,688.0| 585
167|P1 - ThinkSystem Flex SN550, Xeon Gold 6150 18C 2.7GHz, Infiniband FDR , Lenovo GovernmentChina |31,680|1,703.5|2,737.2|
168|SwiftLucy - Cluster Platform 3000 BL460c Gen9, Xeon E5-2680v3 12C 2.5GHz, Infiniband FDR , HPE GovernmentUnited States |57,600|1,703.3|2,304.0| 2,880
169|AFI-NITY - PRIMERGY CX2550 M4, Xeon Gold 6148 20C 2.4GHz, Infiniband EDR , Fujitsu Tohoku University, Institute of Fluid ScienceJapan |35,200|1,691.0|2,703.4|
170|TaiYi - ThinkSystem SD530, Xeon Gold 6148 20C 2.4GHz, Intel Omni-Path , Lenovo Southern University of Science and TechnologyChina |32,400|1,686.5|2,488.3|
171|ThinkSystem SD530, Xeon Gold 6148 20C 2.4GHz, Infiniband EDR , Lenovo GovernmentChina |35,200|1,684.2|2,703.4|
172|ISystem - Sugon TC6000, Xeon E5-2650v4 12C 2.2GHz, 10G Ethernet , Sugon IIT CompanyChina |97,920|1,683.0|3,446.8| 1,050
173|Raijin - Hybrid Cluster PRIMERGY/x3550 M5/PowerEdge/Rackable/Rackable, Xeon , Infiniband EDR, NVIDIA Tesla P100, Xeon Phi , Fujitsu / Lenovo / Xenon National Computational Infrastructure National Facility (NCI-NF)Australia |87,224|1,676.2|3,801.4|
174|Prometheus - HP Apollo 8000, Xeon E5-2680v3 12C 2.5GHz, Infiniband FDR, NVIDIA Tesla K40 , HPE CyfronetPoland |55,728|1,670.1|2,348.6| 807.6
175|O1 - ThinkSystem Flex SN550, Xeon Gold 6150 18C 2.7GHz, Infiniband FDR , Lenovo GovernmentChina |30,960|1,668.2|2,674.9|
176|ThinkSystem SR650, Xeon Gold 6148 20C 2.4GHz, 10G Ethernet , Lenovo Internet CompanyChina |41,760|1,667.7|3,207.2|
177|Edison - Cray XC30, Intel Xeon E5-2695v2 12C 2.4GHz, Aries interconnect , Cray Inc. DOE/SC/LBNL/NERSCUnited States |133,824|1,654.7|2,569.4| 3,747.1
178|Internet Company T Y1 - Lenovo RD450, Xeon E5-2680v4 14C 2.4GHz, 10G Ethernet , Lenovo Service Provider TChina |89,600|1,653.2|3,440.6|
179|Software Company (M) AA1 - Lenovo C1040, Xeon E5-2673v4 20C 2.3GHz, 40G Ethernet , Lenovo Cloud ProviderAustralia |57,600|1,649.1|2,119.7|
180|Software Company (M) CA3 - Lenovo C1040, Xeon E5-2673v4 20C 2.3GHz, 40G Ethernet , Lenovo Cloud ProviderCanada |57,600|1,649.1|2,119.7|
181|Software Company (M) CA2 - Lenovo C1040, Xeon E5-2673v4 20C 2.3GHz, 40G Ethernet , Lenovo Cloud ProviderCanada |57,600|1,649.1|2,119.7|
182|Software Company (M) CA1 - Lenovo C1040, Xeon E5-2673v4 20C 2.3GHz, 40G Ethernet , Lenovo Cloud ProviderCanada |57,600|1,649.1|2,119.7|
183|Software Company (M) A16 - Lenovo C1040, Xeon E5-2673v4 20C 2.3GHz, 40G Ethernet , Lenovo Hosting ServicesUnited States |57,600|1,649.1|2,119.7|
184|Software Company (M) A15 - Lenovo C1040, Xeon E5-2673v4 20C 2.3GHz, 40G Ethernet , Lenovo Hosting ServicesUnited States |57,600|1,649.1|2,119.7|
185|Software Company (M) A14 - Lenovo C1040, Xeon E5-2673v4 20C 2.3GHz, 40G Ethernet , Lenovo Hosting ServicesUnited States |57,600|1,649.1|2,119.7|
186|Software Company (M) A13 - Lenovo C1040, Xeon E5-2673v4 20C 2.3GHz, 40G Ethernet , Lenovo Hosting ServicesUnited States |57,600|1,649.1|2,119.7|
187|Software Company (M) A11 - Lenovo C1040, Xeon E5-2673v4 20C 2.3GHz, 40G Ethernet , Lenovo Hosting ServicesUnited States |57,600|1,649.1|2,119.7|
188|Software Company (M) A10 - Lenovo C1040, Xeon E5-2673v4 20C 2.3GHz, 40G Ethernet , Lenovo Hosting ServicesUnited States |57,600|1,649.1|2,119.7|
189|Software Company (M) A9 - Lenovo C1040, Xeon E5-2673v4 20C 2.3GHz, 40G Ethernet , Lenovo Hosting ServicesUnited States |57,600|1,649.1|2,119.7|
190|Software Company (M) A8 - Lenovo C1040, Xeon E5-2673v4 20C 2.3GHz, 40G Ethernet , Lenovo Hosting ServicesUnited States |57,600|1,649.1|2,119.7|
191|Software Company (M) A7 - Lenovo C1040, Xeon E5-2673v4 20C 2.3GHz, 40G Ethernet , Lenovo Hosting ServicesUnited States |57,600|1,649.1|2,119.7|
192|Software Company (M) A6 - Lenovo C1040, Xeon E5-2673v4 20C 2.3GHz, 40G Ethernet , Lenovo Hosting ServicesUnited States |57,600|1,649.1|2,119.7|
193|Software Company (M) A4 - Lenovo C1040, Xeon E5-2673v4 20C 2.3GHz, 40G Ethernet , Lenovo Hosting ServicesUnited States |57,600|1,649.1|2,119.7|
194|Software Company (M) A3 - Lenovo C1040, Xeon E5-2673v4 20C 2.3GHz, 40G Ethernet , Lenovo Hosting ServicesUnited States |57,600|1,649.1|2,119.7|
195|Software Company (M) A2 - Lenovo C1040, Xeon E5-2673v4 20C 2.3GHz, 40G Ethernet , Lenovo Hosting ServicesUnited States |57,600|1,649.1|2,119.7|
196|Software Company (M) A1 - Lenovo C1040, Xeon E5-2673v4 20C 2.3GHz, 40G Ethernet , Lenovo Hosting ServicesUnited States |57,600|1,649.1|2,119.7|
197|Software Company (M) A12 - Lenovo C1040, Xeon E5-2673v4 20C 2.3GHz, 40G Ethernet , Lenovo Hosting ServicesUnited States |57,600|1,649.1|2,119.7|
198|Software Company (M) A5 - Lenovo C1040, Xeon E5-2673v4 20C 2.3GHz, 40G Ethernet , Lenovo Hosting ServicesUnited States |57,600|1,649.1|2,119.7|
199|Software Company (M) A26 - Lenovo C1040, Xeon E5-2673v4 20C 2.3GHz, 40G Ethernet , Lenovo Hosting ServicesUnited States |57,600|1,649.1|2,119.7|
200|Lenovo C1040, Xeon E5-2673v4 20C 2.3GHz, 40G Ethernet , Lenovo Hosting ServicesUnited States |57,600|1,649.1|2,119.7|
201|Lenovo C1040, Xeon E5-2673v4 20C 2.3GHz, 40G Ethernet , Lenovo Hosting ServicesUnited States |57,600|1,649.1|2,119.7|
202|Lenovo C1040, Xeon E5-2673v4 20C 2.3GHz, 40G Ethernet , Lenovo Hosting ServicesUnited States |57,600|1,649.1|2,119.7|
203|Lenovo C1040, Xeon E5-2673v4 20C 2.3GHz, 40G Ethernet , Lenovo Hosting ServicesUnited States |57,600|1,649.1|2,119.7|
204|Lenovo C1040, Xeon E5-2673v4 20C 2.3GHz, 40G Ethernet , Lenovo Hosting ServicesUnited States |57,600|1,649.1|2,119.7|
205|Lenovo C1040, Xeon E5-2673v4 20C 2.3GHz, 40G Ethernet , Lenovo Hosting ServicesUnited States |57,600|1,649.1|2,119.7|
206|Lenovo C1040, Xeon E5-2673v4 20C 2.3GHz, 40G Ethernet , Lenovo Hosting ServicesUnited States |57,600|1,649.1|2,119.7|
207|Lenovo C1040, Xeon E5-2673v4 20C 2.3GHz, 40G Ethernet , Lenovo Hosting ServicesUnited States |57,600|1,649.1|2,119.7|
208|Lenovo C1040, Xeon E5-2673v4 20C 2.3GHz, 40G Ethernet , Lenovo Hosting ServicesUnited States |57,600|1,649.1|2,119.7|
209|Lenovo C1040, Xeon E5-2673v4 20C 2.3GHz, 40G Ethernet , Lenovo Hosting ServicesUnited States |57,600|1,649.1|2,119.7|
210|Software Company (M) A38 - Lenovo C1040, Xeon E5-2673v4 20C 2.3GHz, 40G Ethernet , Lenovo Hosting ServicesUnited States |57,600|1,649.1|2,119.7|
211|Software Company (M) A37 - Lenovo C1040, Xeon E5-2673v4 20C 2.3GHz, 40G Ethernet , Lenovo Hosting ServicesUnited States |57,600|1,649.1|2,119.7|
212|Software Company (M) A36 - Lenovo C1040, Xeon E5-2673v4 20C 2.3GHz, 40G Ethernet , Lenovo Hosting ServicesUnited States |57,600|1,649.1|2,119.7|
213|Software Company (M) A35 - Lenovo C1040, Xeon E5-2673v4 20C 2.3GHz, 40G Ethernet , Lenovo Hosting ServicesUnited States |57,600|1,649.1|2,119.7|
214|Software Company (M) A34 - Lenovo C1040, Xeon E5-2673v4 20C 2.3GHz, 40G Ethernet , Lenovo Hosting ServicesUnited States |57,600|1,649.1|2,119.7|
215|Software Company (M) A33 - Lenovo C1040, Xeon E5-2673v4 20C 2.3GHz, 40G Ethernet , Lenovo Hosting ServicesUnited States |57,600|1,649.1|2,119.7|
216|Software Company (M) A32 - Lenovo C1040, Xeon E5-2673v4 20C 2.3GHz, 40G Ethernet , Lenovo Hosting ServicesUnited States |57,600|1,649.1|2,119.7|
217|Software Company (M) A31 - Lenovo C1040, Xeon E5-2673v4 20C 2.3GHz, 40G Ethernet , Lenovo Hosting ServicesUnited States |57,600|1,649.1|2,119.7|
218|Software Company (M) A30 - Lenovo C1040, Xeon E5-2673v4 20C 2.3GHz, 40G Ethernet , Lenovo Hosting ServicesUnited States |57,600|1,649.1|2,119.7|
219|Software Company (M) A29 - Lenovo C1040, Xeon E5-2673v4 20C 2.3GHz, 40G Ethernet , Lenovo Hosting ServicesUnited States |57,600|1,649.1|2,119.7|
220|Software Company (M) A28 - Lenovo C1040, Xeon E5-2673v4 20C 2.3GHz, 40G Ethernet , Lenovo Hosting ServicesUnited States |57,600|1,649.1|2,119.7|
221|NA5 - Lenovo C1040, Xeon E5-2673v4 20C 2.3GHz, 40G Ethernet , Lenovo Software Company (M)Netherlands |57,600|1,649.1|2,119.7|
222|NA4 - Lenovo C1040, Xeon E5-2673v4 20C 2.3GHz, 40G Ethernet , Lenovo Software Company (M)Netherlands |57,600|1,649.1|2,119.7|
223|NA3 - Lenovo C1040, Xeon E5-2673v4 20C 2.3GHz, 40G Ethernet , Lenovo Software Company (M)Netherlands |57,600|1,649.1|2,119.7|
224|NA2 - Lenovo C1040, Xeon E5-2673v4 20C 2.3GHz, 40G Ethernet , Lenovo Software Company (M)Netherlands |57,600|1,649.1|2,119.7|
225|NA1 - Lenovo C1040, Xeon E5-2673v4 20C 2.3GHz, 40G Ethernet , Lenovo Software Company (M)Netherlands |57,600|1,649.1|2,119.7|
226|IA4 - Lenovo C1040, Xeon E5-2673v4 20C 2.3GHz, 40G Ethernet , Lenovo Software Company (M)Ireland |57,600|1,649.1|2,119.7|
227|IA3 - Lenovo C1040, Xeon E5-2673v4 20C 2.3GHz, 40G Ethernet , Lenovo Software Company (M)Ireland |57,600|1,649.1|2,119.7|
228|IA2 - Lenovo C1040, Xeon E5-2673v4 20C 2.3GHz, 40G Ethernet , Lenovo Software Company (M)Ireland |57,600|1,649.1|2,119.7|
229|IA1 - Lenovo C1040, Xeon E5-2673v4 20C 2.3GHz, 40G Ethernet , Lenovo Software Company (M)Ireland |57,600|1,649.1|2,119.7|
230|SB3 - Lenovo C1040, Xeon E5-2673v4 20C 2.3GHz, 40G Ethernet , Lenovo Software Company (M)Singapore |57,600|1,649.1|2,119.7|
231|SB2 - Lenovo C1040, Xeon E5-2673v4 20C 2.3GHz, 40G Ethernet , Lenovo Software Company (M)Singapore |57,600|1,649.1|2,119.7|
232|Lenovo C1040, Xeon E5-2673v4 20C 2.3GHz, 40G Ethernet , Lenovo Software Company (M)Ireland |57,600|1,649.1|2,119.7|
233|Lenovo C1040, Xeon E5-2673v4 20C 2.3GHz, 40G Ethernet , Lenovo Software Company (M)Ireland |57,600|1,649.1|2,119.7|
234|Lenovo C1040, Xeon E5-2673v4 20C 2.3GHz, 40G Ethernet , Lenovo Software Company (M)Ireland |57,600|1,649.1|2,119.7|
235|Lenovo C1040, Xeon E5-2673v4 20C 2.3GHz, 40G Ethernet , Lenovo Software Company (M)Ireland |57,600|1,649.1|2,119.7|
236|Lenovo C1040, Xeon E5-2673v4 20C 2.3GHz, 40G Ethernet , Lenovo Software Company (M)Ireland |57,600|1,649.1|2,119.7|
237|Lenovo C1040, Xeon E5-2673v4 20C 2.3GHz, 40G Ethernet , Lenovo Software Company (M)Ireland |57,600|1,649.1|2,119.7|
238|Lenovo C1040, Xeon E5-2673v4 20C 2.3GHz, 40G Ethernet , Lenovo Software Company (M)Ireland |57,600|1,649.1|2,119.7|
239|Lenovo C1040, Xeon E5-2673v4 20C 2.3GHz, 40G Ethernet , Lenovo Software Company (M)Ireland |57,600|1,649.1|2,119.7|
240|Lenovo C1040, Xeon E5-2673v4 20C 2.3GHz, 40G Ethernet , Lenovo Software Company (M)Singapore |57,600|1,649.1|2,119.7|
241|NA12 - Lenovo C1040, Xeon E5-2673v4 20C 2.3GHz, 40G Ethernet , Lenovo Software Company (M)Netherlands |57,600|1,649.1|2,119.7|
242|NA11 - Lenovo C1040, Xeon E5-2673v4 20C 2.3GHz, 40G Ethernet , Lenovo Software Company (M)Netherlands |57,600|1,649.1|2,119.7|
243|NA10 - Lenovo C1040, Xeon E5-2673v4 20C 2.3GHz, 40G Ethernet , Lenovo Software Company (M)Netherlands |57,600|1,649.1|2,119.7|
244|NA9 - Lenovo C1040, Xeon E5-2673v4 20C 2.3GHz, 40G Ethernet , Lenovo Software Company (M)Netherlands |57,600|1,649.1|2,119.7|
245|NA8 - Lenovo C1040, Xeon E5-2673v4 20C 2.3GHz, 40G Ethernet , Lenovo Software Company (M)Netherlands |57,600|1,649.1|2,119.7|
246|NA7 - Lenovo C1040, Xeon E5-2673v4 20C 2.3GHz, 40G Ethernet , Lenovo Software Company (M)Netherlands |57,600|1,649.1|2,119.7|
247|IA13 - Lenovo C1040, Xeon E5-2673v4 20C 2.3GHz, 40G Ethernet , Lenovo Software Company (M)Ireland |57,600|1,649.1|2,119.7|
248|HKA1 - Lenovo C1040, Xeon E5-2673v4 20C 2.3GHz, 40G Ethernet , Lenovo Software Company (M)Hong Kong |57,600|1,649.1|2,119.7|
249|NA6 - Lenovo C1040, Xeon E5-2673v4 20C 2.3GHz, 40G Ethernet , Lenovo Software Company (M)Netherlands |57,600|1,649.1|2,119.7|
250|SB5 - Lenovo C1040, Xeon E5-2673v4 20C 2.3GHz, 40G Ethernet , Lenovo Software Company (M)Singapore |57,600|1,649.1|2,119.7|
251|INSPUR NF5288M5, Xeon Gold 6133 20C 2.5GHz, NVIDIA Tesla V100, 25G Ethernet , Inspur Network CompanyChina |43,520|1,643.0|3,788.8|
252|ARCHER - Cray XC30, Intel Xeon E5 v2 12C 2.700GHz, Aries interconnect , Cray Inc. EPSRC/University of EdinburghUnited Kingdom |118,080|1,642.5|2,550.5| 3,306.2
253|Lenovo HR650x, Xeon Gold 6133 20C 2.5GHz, 25G Ethernet , Lenovo Service Provider TChina |38,400|1,639.3|3,072.0|
254|Surge - Cray XC40, Xeon E5-2690v3 12C 2.6GHz, Aries interconnect , Cray Inc. NOAAUnited States |48,960|1,635.0|2,036.7| 956.3
255|Luna - Cray XC40, Xeon E5-2690v3 12C 2.6GHz, Aries interconnect , Cray Inc. NOAAUnited States |48,960|1,635.0|2,036.7| 956.3
256|Cedar-2 - PowerEdge C6320/C6420, Xeon E5-2683 v4 16C 2.1GHz/Xeon Platinum 8160, Intel Omni-Path , Dell EMC Simon Fraser University/Compute CanadaCanada |55,296|1,633.0|3,715.9| 601
257|ThinkSystem SR650, Xeon Gold 6140 18C 2.3GHz, NVIDIA Tesla V100, Infiniband EDR , Lenovo GovernmentChina |32,144|1,630.1|2,637.7|
258|Lenovo HR650x, Xeon Gold 6133 20C 2.5GHz, 25G Ethernet , Lenovo Service Provider TChina |37,600|1,608.2|3,008.0|
259|Internet Company T X2 - Lenovo RD450, Xeon E5-2680v4 14C 2.4GHz, 10G Ethernet , Lenovo Service Provider TChina |86,800|1,603.2|3,333.1|
260|HOKUSAI BigWaterfall	 - PRIMERGY CX2550 M4, Xeon Gold 6148 20C 2.4GHz, Infiniband EDR , Fujitsu Information Systems Division, RIKENJapan |33,600|1,601.0|2,580.5|
261|U3 - ThinkSystem SR650, Xeon Gold 6140 18C 2.3GHz, NVIDIA Tesla V100, Infiniband EDR , Lenovo GovernmentChina |31,360|1,593.0|2,573.4|
262|Sugon TC6000, Xeon Gold 6130 16C 2.1GHz, 25G Ethernet , Sugon Internet CompanyChina |48,000|1,590.0|3,225.6| 530
263|Power 775, POWER7 8C 3.836GHz, Custom Interconnect , IBM IBM Development EngineeringUnited States |62,944|1,587.0|1,931.6| 3,575.6
264|Cygnus - NEC LX Cluster, Xeon Gold 6126 12C 2.6GHz, NVIDIA Tesla V100, InfiniBand HDR100 , NEC Center for Computational Sciences, University of TsukubaJapan |27,520|1,582.0|2,399.7|
265|Lenovo HR650x, Xeon Gold 6133 20C 2.5GHz, 25G Ethernet , Lenovo Service Provider TChina |36,800|1,580.0|2,944.0|
266|Sugon TC6000, Xeon Gold 5118 12C 2.3GHz, 10G Ethernet , Sugon Internet CompanyChina |88,800|1,569.0|6,535.7| 1,150
267|SGSystem - Sugon TC6000, Xeon E5-2630v4 10C 2.2GHz, 10G Ethernet , Sugon State Grid CorpChina |92,000|1,562.0|3,238.4| 960
268|U2 - ThinkSystem SR650, Xeon Gold 6140 18C 2.3GHz, NVIDIA Tesla V100, Infiniband EDR , Lenovo GovernmentChina |30,576|1,558.4|2,509.0|
269|ThinkSystem HR650X, Xeon Gold 6148 20C 2.4GHz, 10G Ethernet , Lenovo Internet Company SChina |38,880|1,556.0|2,986.0|
270|Lenovo HR650x, Xeon Gold 6133 20C 2.5GHz, 25G Ethernet , Lenovo Service Provider TChina |36,000|1,552.4|2,880.0|
271|Internet Company T Z1 - Lenovo RD450, Xeon E5-2680v4 14C 2.4GHz, 10G Ethernet , Lenovo Service Provider TChina |84,000|1,551.5|3,225.6|
272|Internet Company T X1 - Lenovo RD450, Xeon E5-2680v4 14C 2.4GHz, 10G Ethernet , Lenovo Service Provider TChina |82,880|1,537.2|3,182.6|
273|LANL CTS-1 Grizzly - Tundra Extreme Scale, Xeon E5-2695v4 18C 2.1GHz, Intel Omni-Path , Penguin Computing, Inc. Los Alamos National LaboratoryUnited States |53,352|1,524.7|1,792.6| 603.4
274|Lenovo HR650x, Xeon Gold 6133 20C 2.5GHz, 25G Ethernet , Lenovo Service Provider TChina |35,200|1,521.9|2,816.0|
275|U1 - ThinkSystem SR650, Xeon Gold 6140 18C 2.3GHz, NVIDIA Tesla V100, Infiniband EDR , Lenovo GovernmentChina |29,792|1,521.0|2,444.7|
276|TaiYi GPU - ThinkSystem SD530, Xeon Gold 6140 18C 2.3GHz, NVIDIA Tesla V100, Infiniband EDR , Lenovo Southern University of Science and TechnologyChina |29,400|1,498.3|2,412.5|
277|Lenovo HR650x, Xeon Gold 6133 20C 2.5GHz, 25G Ethernet , Lenovo Service Provider TChina |34,400|1,492.8|2,752.0|
278|Internet Company T AA1 - Lenovo RD450, Xeon E5-2680v4 14C 2.4GHz, 10G Ethernet , Lenovo Service Provider TChina |79,520|1,477.9|3,053.6|
279|Inspur TS10000, Xeon Silver 4114 10C 2.2GHz, NVIDIA Tesla V100, Infiniband FDR , Inspur Internet Service AChina |33,000|1,471.0|3,000.0|
280|Endeavor - Intel Cluster, Intel Xeon Gold 6148/Xeon Phi 7250F 68C 1.4GHz, Intel Omni-Path , Intel IntelUnited States |45,680|1,463.0|2,507.3| 431
281|Lenovo HR650x, Xeon Gold 6133 20C 2.5GHz, 25G Ethernet , Lenovo Service Provider TChina |33,600|1,462.3|2,688.0|
282|Salomon - SGI ICE X, Xeon E5-2680v3 12C 2.5GHz, Infiniband FDR, Intel Xeon Phi 7120P , HPE IT4Innovations National Supercomputing Center, VSB-Technical University of OstravaCzech Republic |76,896|1,457.7|2,011.6| 4,806
283|ThinkSystem SD530, Xeon Gold 6140 18C 2.3GHz, Infiniband EDR, NVIDIA Tesla V100 , Lenovo GovernmentChina |28,224|1,443.6|2,316.0|
284|N1 - ThinkSystem SD530, Xeon Gold 6140 18C 2.3GHz, NVIDIA Tesla V100, Infiniband EDR , Lenovo GovernmentChina |28,224|1,443.6|2,316.0|
285|Huawei G5500, Xeon E5-2680v4 14C 2.4GHz, NVIDIA Tesla P100, 100G Ethernet , Huawei Technologies Co., Ltd. Chinese Bank AChina |26,180|1,432.9|2,153.5| 159.9
286|HSystem19 - Sugon TC6000, Xeon Silver 4114 10C 2.2GHz, 25G Ethernet , Sugon Internet CompanyChina |82,000|1,432.0|5,772.8| 1,310
287|Lenovo HR650x, Xeon Gold 6133 20C 2.5GHz, 25G Ethernet , Lenovo Service Provider TChina |32,800|1,432.0|2,624.0|
288|Blue Joule - BlueGene/Q, Power BQC 16C 1.60GHz, Custom , IBM Science and Technology Facilities Council - Daresbury LaboratoryUnited Kingdom |131,072|1,431.1|1,677.7| 657
289|Pre Earth Simulatorv2 - Sugon Si-Cube, Xeon E5-2680v3 12C 2.5GHz, 56Gb 3D-Torus , Sugon Institute of Atmospheric Physics, Chinese Academy of SciencesChina |48,000|1,428.0|1,920.0| 600
290|XJSCSystem - Sugon TC6000, Xeon E5-2680v4 14C 2.4GHz, NVIDIA Tesla P100, Infiniband FDR , Sugon Xinjiang SC CenterChina |30,240|1,418.0|2,413.8| 240
291|HKVSSystem - Sugon TC6000, Xeon E5-2630v4 10C 2.2GHz, 10G Ethernet , Sugon Internet CompanyChina |82,800|1,417.0|2,914.6| 850
292|BtACC - Sugon TC6000, Xeon E5-2680v4 14C 2.4GHz, Infiniband FDR , Sugon Baotou Advanced Computing CenterChina |52,080|1,416.0|1,999.9| 560
293|Spirit - SGI ICE X, Xeon E5-2670 8C 2.600GHz, Infiniband FDR , HPE Air Force Research LaboratoryUnited States |73,584|1,415.5|1,530.5| 1,606
294|Bsystem - Sugon TC6000, Xeon Gold 5118 12C 2.3GHz, 10G Ethernet , Sugon Internet CompanyChina |78,720|1,407.0|5,793.8| 1,050
295|TSystem - Sugon TC6000, Xeon Gold 5118 12C 2.3GHz, 10G Ethernet , Sugon Internet CompanyChina |78,000|1,405.0|5,740.8| 800
296|GSACC - Sugon TC6000, Xeon Gold 6132 14C 2.6GHz, 100Gb 6D-Torus , Sugon GanSu Advanced Computing CenterChina |28,000|1,405.0|2,329.6| 350
297|SWARM - C4130/1028GQ, Xeon E5-2640v4 10C 2.4GHz, Intel Omni-Path 100G, NVIDIA Tesla V100 SXM2 , SuperMicro/DellEMC Wuhan UniversityChina |32,640|1,403.0|3,068.9|
298|Lenovo HR650x, Xeon Gold 6133 20C 2.5GHz, 25G Ethernet , Lenovo Service Provider TChina |32,000|1,400.9|2,560.0|
299|MN-1 - SuperServer 4028GR-TR2, Xeon E5-2667v4 8C 3.2GHz, Infiniband FDR, NVIDIA Tesla P100 , NTT Communications / NTT PC Communications NTT Communications Tokyo No.4 Data CenterJapan |59,392|1,391.0|4,917.7|
300|INSPUR NF5288M5, Xeon Gold 6148 20C 2.4GHz, NVIDIA Tesla V100, 100G Ethernet , Inspur Telecommunication CompanyChina |34,000|1,389.0|2,953.6|
301|GCloud - Sugon TC6000, Xeon E5-2680v4 14C 2.4GHz, NVIDIA Tesla V100, 10G Ethernet , Sugon MCloud CompanyChina |30,624|1,389.0|2,459.0| 176
302|Bsystem - Sugon TC6000, Xeon Gold 6130 16C 2.1GHz, 25G Ethernet , Sugon Internet CompanyChina |43,200|1,379.0|2,903.0| 480
303|Sid - bullx DLC 720, Xeon E5-2695v4 18C 2.1GHz, Infiniband FDR , Bull, Atos Group AtosFrance |49,896|1,363.5|1,676.5| 543
304|SNL/NNSA CTS-1 Eclipse - Tundra Extreme Scale, Xeon E5-2695v4 18C 2.1GHz, Intel Omni-Path , Penguin Computing, Inc. Sandia National LaboratoriesUnited States |54,648|1,361.8|1,836.2|
305|Curie thin nodes - Bullx B510, Xeon E5-2680 8C 2.700GHz, Infiniband QDR , Bull, Atos Group CEA/TGCC-GENCIFrance |77,184|1,359.0|1,667.2| 2,132
306|Inspur NF5280M, Xeon E5-2682v4 16C 2.5GHz, NVIDIA Tesla P100, 25G Ethernet , Inspur Internet Service AChina |31,680|1,352.0|2,332.0|
307|JD B1 - Lenovo x3650, Xeon E5-2683 v4 16C 2.1GHz, 10G Ethernet , Lenovo Internet CompanyChina |82,752|1,348.6|2,780.5|
308|Lenovo HR650x, Xeon Gold 6148 20C 2.4GHz, 25G Ethernet , Lenovo Service Provider TChina |32,000|1,346.8|2,457.6|
309|INSPUR NF5288M5, Xeon Gold 6130 16C 2.1GHz, NVIDIA Tesla V100, 25G Ethernet , Inspur Internet Service PChina |40,320|1,346.0|3,489.0|
310|SGSystem - Sugon TC6000, Xeon E5-2650v4 12C 2.2GHz, 10G Ethernet , Sugon SPGridChina |78,720|1,345.0|2,770.9| 810
311|Earth Bigdata - Sugon TC6000, Xeon Gold 6248 20C 2.5GHz, Infiniband EDR , Sugon Computer Network Information Center, Chinese Academy of ScienceChina |24,000|1,344.0|1,920.0| 230
312|Cedar - Dell C4130, Xeon E5-2650v4 12C 2.2GHz, Intel Omni-Path, NVIDIA Tesla P100 , Dell EMC Simon Fraser University/Compute CanadaCanada |35,712|1,337.0|2,863.4| 167
313|HPE SGI 8600, Xeon Gold 6148 20C 2.4GHz, 4xEDR Infiniband , HPE Central Research Institute of Electric Power Industry/CRIEPIJapan |26,400|1,326.2|2,027.5| 357.6
314|Taiwania - PRIMERGY CX2550 M4/CX2560 M4/CX2570 M4, Xeon Gold 6148 20C 2.4GHz, Intel Omni-Path , Fujitsu National Center for High Performance ComputingTaiwan |27,200|1,325.2|2,089.0| 332
315|Internet Company T EE2 - Lenovo HR650x, Xeon Gold 6133 20C 2.5GHz, 25G Ethernet , Lenovo Service Provider TChina |30,000|1,319.5|2,400.0|
316|Internet Company T EE1 - Lenovo HR650x, Xeon Gold 6133 20C 2.5GHz, 25G Ethernet , Lenovo Service Provider TChina |30,000|1,319.5|2,400.0|
317|Internet Company T FF1 - Lenovo HR650x, Xeon Gold 6133 20C 2.5GHz, 25G Ethernet , Lenovo Service Provider TChina |29,920|1,316.8|2,393.6|
318|Sugon TC6000, Xeon E5-2680v4 14C 2.4GHz, NVIDIA Tesla V100, 10G Ethernet , Sugon Cloud CompanyChina |28,884|1,314.0|2,319.3| 165
319|JOLIOT-CURIE KNL - Bull Sequana X1000, Intel Xeon Phi 7250 68C 1.4GHz, Bull BXI 1.2 , Bull, Atos Group CEA/TGCC-GENCIFrance |56,304|1,311.3|2,339.6| 326
320|AIGIS - Sugon Cluster W780I, Xeon E5-2630v4 10C 2.2GHz, NVIDIA Tesla P100, Infiniband FDR , Sugon GovernmentChina |24,400|1,307.0|1,950.4| 300
321|Sugon TC6000, Xeon E5-2630v4 10C 2.2GHz, 10G Ethernet , Sugon Internet CompanyChina |76,000|1,306.0|2,675.2| 790
322|Cobalt - bullx DLC 720, Xeon E5-2680v4 14C 2.4GHz, Infiniband EDR , Bull, Atos Group Commissariat a l'Energie Atomique (CEA)/CCRTFrance |38,528|1,299.5|1,479.5| 539
323|Ansel - IBM Power System S922LC, IBM POWER9 22C 3.1GHz, Dual-rail Mellanox EDR Infiniband, NVIDIA Tesla V100 , IBM / NVIDIA / Mellanox DOE/NNSA/LLNLUnited States |19,656|1,289.0|1,686.6|
324|Sugon TC6000, Xeon E5-2680v4 14C 2.4GHz, Infiniband FDR , Sugon Chendu SC CenterChina |47,040|1,286.0|1,806.3| 504
325|Conrad - Cray XC40, Xeon E5-2698v3 16C 2.3GHz, Aries interconnect , Intel Xeon Phi 5120D , Cray Inc. Navy DSRCUnited States |61,256|1,285.6|2,049.6| 2,323.7
326|Gordon - Cray XC40, Xeon E5-2698v3 16C 2.3GHz, Aries interconnect , Intel Xeon Phi 5120D , Cray Inc. Navy DSRCUnited States |61,256|1,285.6|2,049.6| 2,323.7
327|Lenovo x240 M5, Xeon E5-2667v4 8C 3.2GHz, 10G Ethernet , Lenovo China Manufacture Company BChina |51,200|1,284.5|2,621.4|
328|Lenovo HR650x, Xeon Gold 6148 20C 2.4GHz, 25G Ethernet , Lenovo Service Provider TChina |30,400|1,284.3|2,334.7|
329|Inspur SA5212M4, Xeon E5-2682v4 16C 2.5GHz, 10G Ethernet , Inspur Internet Service AChina |66,560|1,276.0|2,662.4|
330|Nebulae - Dawning TC3600 Blade System, Xeon X5650 6C 2.66GHz, Infiniband QDR, NVIDIA 2050 , Sugon National Supercomputing Centre in Shenzhen (NSCS)China |120,640|1,271.0|2,984.3| 2,580
331|Inspur SA5212M4, Xeon E5-2682v4 16C 2.5GHz, 10G Ethernet , Inspur Internet Service AChina |65,280|1,271.0|2,611.2|
332|Inspur SA5212M4, Xeon E5-2682v4 16C 2.5GHz, 10G Ethernet , Inspur Internet Service AChina |64,000|1,269.0|2,560.0|
333|Inspur SA5212M4, Xeon E5-2682v4 16C 2.5GHz, 10G Ethernet , Inspur Internet Service AChina |64,000|1,269.0|2,560.0|
334|MCSystem - Sugon TC6000, Xeon E5-2650v4 12C 2.2GHz, 10G Ethernet , Sugon MCloud CompanyChina |74,400|1,266.0|2,618.9| 800
335|GSCloud - Sugon TC6000, Xeon E5-2680v4 14C 2.4GHz, 10G Ethernet , Sugon Cloud CompanyChina |67,200|1,262.0|2,580.5| 720
336|DJSystem - Sugon TC6000, Xeon E5-2620v4 8C 2.1GHz, 10G Ethernet , Sugon DJIT CompanyChina |76,480|1,258.0|2,569.7| 770
337|HSystem - Sugon TC6000, Xeon E5-2620v4 8C 2.1GHz, 10G Ethernet , Sugon Internet CompanyChina |76,000|1,258.0|2,553.6| 1,200
338|A1 - Lenovo RD650, Xeon Gold 6148 20C 2.4GHz, 25G Ethernet , Lenovo Financial Company PChina |29,760|1,257.6|2,285.6|
339|Yellowstone - iDataPlex DX360M4, Xeon E5-2670 8C 2.600GHz, Infiniband FDR , IBM National Center for Atmospheric Research (NCAR)United States |72,288|1,257.6|1,503.6| 1,436.7
340|HKVSystem - Sugon TC6000, Intel Xeon E5-2658v2 10C 2.4GHz, 10G Ethernet , Sugon Internet CompanyChina |68,000|1,257.0|1,305.6| 840
341|BSystem - Sugon TC6000, Xeon Gold 5117 14C 2GHz, 10G Ethernet , Sugon Internet Service (B)China |81,200|1,254.0|5,196.8| 870
342|Sugon TC6000, Xeon E5-2630v4 10C 2.2GHz, 10G Ethernet , Sugon Cloud CompanyChina |72,800|1,252.0|2,562.6| 760
343|Sisu - Cray XC40, Xeon E5-2690v3 12C 2.6GHz, Aries interconnect , Cray Inc. CSC (Center for Scientific Computing)Finland |40,608|1,250.0|1,689.3| 680
344|CTRtraning - Sugon I620, Xeon E5-2650v4 12C 2.2GHz, 10G Ethernet , Sugon Internet Service (B)China |72,000|1,242.0|2,534.4| 900
345|Era-AI - Sugon Cluster W780I, Xeon E5-2650v4 12C 2.2GHz, NVIDIA Tesla P100, Infiniband FDR , Sugon Computer Network Information Center, Chinese Academy of ScienceChina |22,656|1,238.0|1,845.4| 144
346|DataLearning(C) - Sugon TC6000, Xeon Gold 6132 14C 2.6GHz, 10G Ethernet , Sugon IT Service ProviderChina |30,240|1,237.0|2,516.0| 440
347|TYACC-System - Sugon TC6000, Xeon Gold 6132 14C 2.6GHz, 100Gb 6D-Torus , Sugon Taiyuan Advanced Computing CenterChina |24,640|1,237.0|2,050.0| 320
348|Bsystem1 - Sugon TC6000, Xeon Gold 5118 12C 2.3GHz, 10G Ethernet , Sugon Telecommunication CompanyChina |70,800|1,232.0|5,210.9| 970
349|Graham - Huawei X6800 V3, Xeon E5-2683 v4 16C 2.1GHz, Infiniband EDR/FDR, NVIDIA Tesla P100 , Huawei Technologies Co., Ltd. SharcNetCanada |51,200|1,228.0|2,641.4| 546.0
350|Inspur TS10000, Xeon Gold 6132 14C 2.6GHz, NVIDIA Tesla V100, Infiniband EDR , Inspur Internet CompanyChina |26,720|1,228.0|2,242.6|
351|Inspur TS10000, Xeon Gold 6132 14C 2.6GHz, NVIDIA Tesla V100, Infiniband EDR , Inspur Internet CompanyChina |26,720|1,228.0|2,242.6|
352|Inspur TS10000, Xeon Gold 6132 14C 2.6GHz, NVIDIA Tesla V100, Infiniband EDR , Inspur Internet CompanyChina |26,720|1,228.0|2,242.6|
353|Diego - bullx DLC 720, Xeon E5-2698v4 20C 2.2GHz, Infiniband FDR , Bull, Atos Group AtosFrance |46,800|1,225.3|1,647.4| 472
354|SNL/NNSA CTS-1 Serrano - Tundra Extreme Scale, Xeon E5-2695v4 18C 2.1GHz, Intel Omni-Path , Penguin Computing, Inc. Sandia National LaboratoriesUnited States |40,392|1,223.7|1,357.2| 480
355|SNL/NNSA CTS-1 Cayenne - Tundra Extreme Scale, Xeon E5-2695v4 18C 2.1GHz, Intel Omni-Path , Penguin Computing, Inc. Sandia National LaboratoriesUnited States |40,392|1,223.7|1,357.2| 480
356|INSPUR NF5288M5, Xeon Gold 6148 20C 2.4GHz, NVIDIA Tesla V100, 100G Ethernet , Inspur Telecommunication CompanyChina |30,600|1,223.0|2,658.2|
357|bsystem - Sugon TC6000, Xeon Gold 6130 16C 2.1GHz, 25G Ethernet , Sugon Internet CompanyChina |37,120|1,222.0|2,494.5| 400
358|bsystem - Sugon TC6000, Xeon Gold 5118 12C 2.3GHz, 25G Ethernet , Sugon Internet CompanyChina |67,200|1,219.0|4,945.9| 890
359|Cray XC40, E5-2680v3 12C 2.5Ghz/Xeon E5-2695v4 18C 2.1GHz, Aries interconnect , Cray Inc. Deutscher WetterdienstGermany |41,472|1,214.2|1,459.8| 528.2
360|B1 - Lenovo RD650, Xeon Gold 6148 20C 2.4GHz, NVIDIA Tesla V100, 25G Ethernet , Lenovo Financial Company PChina |24,000|1,213.6|1,980.7|
361|RAIDEN GPU subsystem - NVIDIA DGX-1 Volta36, Xeon E5-2698v4 20C 2.2GHz, Infiniband EDR, NVIDIA Tesla V100 , Fujitsu Center for Advanced Intelligence Project, RIKENJapan |35,360|1,213.0|3,244.8|
362|Lenovo HR630X, Xeon Silver 4110 8C 2.1GHz, 10G Ethernet , Lenovo Service Provider TChina |76,800|1,212.8|5,161.0|
363|ThinkSystem HR650X, Xeon Gold 6138 20C 2GHz, 10G Ethernet , Lenovo Network CompanyChina |36,000|1,202.7|2,304.0|
364|Cray XC40, Xeon E5-2697v4 18C 2.3GHz, Aries interconnect , Cray Inc./T-Platforms Main Computing Center of RoshydrometRussia |35,136|1,200.3|1,293.0|
365|INSPUR NF5288M5, Xeon Gold 6130 16C 2.1GHz, NVIDIA Tesla V100, 100G Ethernet , Inspur Internet CompanyChina |26,880|1,197.0|2,326.0|
366|CloudSystem - Sugon TC6000, Xeon Silver 4114 10C 2.2GHz, 10G Ethernet , Sugon IT Service ProviderChina |70,000|1,196.0|4,928.0| 1,120
367|Inspur TS10000, Xeon Gold 6248 20C 2.5GHz, Intel Omni-Path , Inspur Shanghai Jiao Tong UniversityChina |26,240|1,194.1|2,099.2|
368|Wilkes-2 - Dell C4130, Xeon E5-2650v4 12C 2.2GHz, Infiniband EDR, NVIDIA Tesla P100 , Dell EMC University of CambridgeUnited Kingdom |21,240|1,193.0|1,751.6| 114.4
369|Inspur SA5212H5, Xeon E5-2682v4 16C 2.5GHz, NVIDIA Tesla P100, 25G Ethernet , Inspur Internet Service AChina |28,800|1,188.0|2,120.0|
370|Inspur SA5212H5, Xeon E5-2682v4 16C 2.5GHz, NVIDIA Tesla P100, 25G Ethernet , Inspur Internet Service AChina |28,800|1,188.0|2,120.0|
371|Inspur SA5212H5, Xeon E5-2682v4 16C 2.5GHz, NVIDIA Tesla P100, 25G Ethernet , Inspur Internet Service AChina |24,960|1,182.0|2,204.8|
372|Inspur SA5212H5, Xeon E5-2682v4 16C 2.5GHz, NVIDIA Tesla P100, 25G Ethernet , Inspur Internet Service AChina |24,960|1,182.0|2,204.8|
373|Apollo 6000 XL230k, Xeon Gold 6142 16C 2.6GHz, Infiniband EDR , HPE Manufacturing CompanyUnited States |23,808|1,181.1|1,980.8|
374|Apollo 6000 XL230k, Xeon Gold 6142 16C 2.6GHz, Infiniband EDR , HPE Manufacturing CompanyUnited States |23,808|1,181.1|1,980.8|
375|Inspur NF5588M4, Xeon E5-2682v4 16C 2.5GHz, NVIDIA Tesla V100, 25G Ethernet , Inspur Internet Service AChina |26,880|1,180.0|2,200.6|
376|LLNL/NNSA CTS-1 Nel - Tundra Extreme Scale, Xeon E5-2695v4 18C 2.1GHz, Intel Omni-Path , Penguin Computing, Inc. Lawrence Livermore National LaboratoryUnited States |39,744|1,179.6|1,335.4| 485
377|Sekirei - SGI ICE XA, Xeon E5-2680v3 12C 2.5GHz, Infiniband FDR , HPE University of Tokyo/Institute for Solid State PhysicsJapan |38,016|1,178.3|1,520.6| 580.9
378|Inspur TS10000, Xeon Gold 6126 12C 2.6GHz, NVIDIA Tesla V100, Intel Omni-Path , Inspur Qingdao National Laboratory for Marine Science and TechnologyChina |21,248|1,173.0|1,855.9|
379|Inspur SA5212H5, Xeon E5-2682v4 16C 2.5GHz, NVIDIA Tesla P100, 25G Ethernet , Inspur Internet Service AChina |12,800|1,171.0|2,120.0|
380|Inspur SA5212H5, Xeon E5-2682v4 16C 2.5GHz, NVIDIA Tesla P100, 25G Ethernet , Inspur Internet Service AChina |12,800|1,171.0|2,120.0|
381|Garnet - Cray XE6, Opteron 16C 2.500GHz, Cray Gemini interconnect , Cray Inc. ERDC DSRCUnited States |150,528|1,167.0|1,505.3| 5,569
382|Zenith - Dell C6420/C6320p, Xeon Gold 6148 20C 2.4GHz/Xeon Phi 7290/7230/7210, Intel Omni-Path , Dell EMC Dell EMC HPC Innovation labUnited States |26,720|1,161.9|1,792.7|
383|Inspur TS10000, Xeon Gold 6130 16C 2.1GHz, NVIDIA Tesla V100, Infiniband EDR , Inspur Internet CompanyChina |26,880|1,161.0|2,400.0|
384|Internet Company T CC1 - Lenovo RD450, Xeon E5-2670v3 12C 2.3GHz, 10G Ethernet , Lenovo Service Provider TChina |64,320|1,156.5|2,367.0|
385|Huawei G5500, Xeon E5-2650v4 12C 2.2GHz, NVIDIA Tesla V100, 100G Ethernet , Huawei Technologies Co., Ltd. Telecom CompanyChina |23,904|1,154.8|1,964.9| 107.1
386|Inspur NF5280M, Xeon E5-2682v4 16C 2.5GHz, NVIDIA Tesla P100, 25G Ethernet , Inspur Internet Service AChina |28,800|1,152.0|2,544.0|
387|Inspur TS10000, Xeon Gold 6130 16C 2.1GHz, NVIDIA Tesla P100, 25G Ethernet , Inspur Internet Service PChina |28,800|1,152.0|2,413.8|
388|INSPUR NF5280M4, Xeon E5-2682v4 16C 2.5GHz, NVIDIA Tesla P100, 25G Ethernet , Inspur Internet Service AChina |28,800|1,152.0|2,361.6|
389|INSPUR NF5280M4, Xeon E5-2682v4 16C 2.5GHz, NVIDIA Tesla P100, 25G Ethernet , Inspur Internet Service AChina |28,800|1,152.0|2,361.6|
390|Inspur TS10000, Xeon E5-2682v4 16C 2.5GHz, NVIDIA Tesla P100, 25G Ethernet , Inspur Internet Service AChina |28,800|1,152.0|2,361.6|
391|Lenovo RD450, Xeon E5-2670v3 12C 2.3GHz, 10G Ethernet , Lenovo Service Provider TChina |78,000|1,149.6|2,870.4| 2,437.5
392|JD C1 - Lenovo x3550, Xeon E5-2650v4 12C 2.2GHz, 10G Ethernet , Lenovo Internet CompanyChina |67,200|1,145.4|2,365.4|
393|MareNostrum P9 CTE - IBM Power System AC922, IBM POWER9 22C 3.1GHz, Dual-rail Mellanox EDR Infiniband, NVIDIA Tesla V100 , IBM Barcelona Supercomputing CenterSpain |18,360|1,145.0|1,403.0| 81.0
394|LANL/NNSA CTS-1 Fire - Tundra Extreme Scale, Xeon E5-2695v4 18C 2.1GHz, Intel Omni-Path , Penguin Computing, Inc. Los Alamos National LaboratoryUnited States |39,672|1,144.8|1,333.0| 485.7
395|LANL/NNSA CTS-1 Ice - Tundra Extreme Scale, Xeon E5-2695v4 18C 2.1GHz, Intel Omni-Path , Penguin Computing, Inc. Los Alamos National LaboratoryUnited States |39,672|1,144.8|1,333.0| 485.7
396|Huawei RH2288H V3 Cluster, Xeon E5-2680v4 14C 2.4GHz, Infiniband FDR , Huawei Technologies Co., Ltd. Petroleum CompanyChina |41,440|1,142.2|1,591.3| 577.7
397|Inspur TS10000, Xeon Platinum 8160 24C 2.1GHz, NVIDIA Tesla V100, 10G Ethernet , Inspur Service Provider TChina |27,520|1,142.0|2,278.5|
398|Inspur TS10000, Xeon Platinum 8160 24C 2.1GHz, NVIDIA Tesla V100, 10G Ethernet , Inspur Service Provider TChina |27,520|1,142.0|2,278.5|
399|Inspur TS10000, Xeon Platinum 8160 24C 2.1GHz, NVIDIA Tesla V100, 10G Ethernet , Inspur Service Provider TChina |27,520|1,142.0|2,278.5|
400|Inspur TS10000, Xeon Platinum 8160 24C 2.1GHz, NVIDIA Tesla V100, 100G Ethernet , Inspur Service Provider TChina |27,520|1,142.0|2,278.5|
401|Inspur TS10000, Xeon Gold 6130 16C 2.1GHz, NVIDIA Tesla V100, 25G Ethernet , Inspur Internet Service PChina |26,880|1,142.0|2,235.5|
402|Inspur SA5212M4, Xeon E5-2682v4 16C 2.5GHz, 10G Ethernet , Inspur Internet Service AChina |59,520|1,128.0|2,380.8|
403|Inspur SA5212M4, Xeon E5-2682v4 16C 2.5GHz, 10G Ethernet , Inspur Internet Service AChina |59,520|1,128.0|2,380.8|
404|INSPUR NF5280M4, Xeon E5-2682v4 16C 2.5GHz, NVIDIA Tesla P100, 25G Ethernet , Inspur Internet Service AChina |28,800|1,128.0|2,160.0|
405|INSPUR NF5280M4, Xeon E5-2682v4 16C 2.5GHz, NVIDIA Tesla P100, 25G Ethernet , Inspur Internet Service AChina |28,800|1,128.0|2,160.0|
406|Inspur NF5588M4, Xeon E5-2682v4 16C 2.5GHz, NVIDIA Tesla P100, 25G Ethernet , Inspur Internet Service AChina |28,800|1,128.0|2,160.0|
407|Inspur NF5280M, Xeon E5-2682v4 16C 2.5GHz, NVIDIA Tesla P100, 25G Ethernet , Inspur Internet Service AChina |28,800|1,128.0|2,120.0|
408|Inspur NF5280M, Xeon E5-2682v4 16C 2.5GHz, NVIDIA Tesla P100, 25G Ethernet , Inspur Internet Service AChina |28,800|1,128.0|2,120.0|
409|Inspur NF5280M, Xeon E5-2682v4 16C 2.5GHz, NVIDIA Tesla P100, 10G Ethernet , Inspur Internet Service AChina |28,800|1,128.0|2,120.0|
410|Internet Company T BB1 - Lenovo RD450, Xeon E5-2670v3 12C 2.3GHz, 10G Ethernet , Lenovo Service Provider TChina |62,400|1,127.5|2,296.3|
411|Huawei RH5885H V3 Cluster, Xeon E7-4850v4 16C 2.1GHz, Infiniband FDR , Huawei Technologies Co., Ltd. Chinese Institute of MeteorologyChina |46,080|1,127.2|1,548.3| 648.0
412|Inspur TS10000, Xeon Gold 6130 16C 2.1GHz, NVIDIA Tesla V100, 100G Ethernet , Inspur Internet CompanyChina |26,880|1,127.0|2,235.5|
413|Inspur TS10000, Xeon Gold 6130 16C 2.1GHz, NVIDIA Tesla V100, 100G Ethernet , Inspur Internet CompanyChina |26,880|1,127.0|2,235.5|
414|Inspur TS10000, Xeon Gold 6130 16C 2.1GHz, NVIDIA Tesla V100, 100G Ethernet , Inspur Internet CompanyChina |26,880|1,127.0|2,235.5|
415|Inspur TS10000, Xeon Gold 6130 16C 2.1GHz, NVIDIA Tesla V100, 100G Ethernet , Inspur Internet Service UChina |26,880|1,127.0|2,235.5|
416|data-ML - Sugon I620, Xeon E5-2650v4 12C 2.2GHz, 10G Ethernet , Sugon Internet Service (B)China |64,800|1,124.0|2,281.0| 1,620
417|AC1 - Lenovo C1040, Xeon E5-2673v4 20C 2.3GHz, 40G Ethernet , Lenovo Cloud ProviderAustralia |38,400|1,123.2|1,413.1|
418|BC1 - Lenovo C1040, Xeon E5-2673v4 20C 2.3GHz, 40G Ethernet , Lenovo Cloud ProviderBrazil |38,400|1,123.2|1,413.1|
419|Lenovo C1040, Xeon E5-2673v4 20C 2.3GHz, 40G Ethernet , Lenovo Cloud ProviderAustralia |38,400|1,123.2|1,413.1|
420|KC1 - Lenovo C1040, Xeon E5-2673v4 20C 2.3GHz, 40G Ethernet , Lenovo Software CompanyKorea, South |38,400|1,123.2|1,413.1|
421|Lenovo C1040, Xeon E5-2673v4 20C 2.3GHz, 40G Ethernet , Lenovo Software CompanyKorea, South |38,400|1,123.2|1,413.1|
422|UKC4 - Lenovo C1040, Xeon E5-2673v4 20C 2.3GHz, 40G Ethernet , Lenovo Software Company (M)United Kingdom |38,400|1,123.2|1,413.1|
423|UKC3 - Lenovo C1040, Xeon E5-2673v4 20C 2.3GHz, 40G Ethernet , Lenovo Software Company (M)United Kingdom |38,400|1,123.2|1,413.1|
424|UKC2 - Lenovo C1040, Xeon E5-2673v4 20C 2.3GHz, 40G Ethernet , Lenovo Software Company (M)United Kingdom |38,400|1,123.2|1,413.1|
425|UKC1 - Lenovo C1040, Xeon E5-2673v4 20C 2.3GHz, 40G Ethernet , Lenovo Software Company (M)United Kingdom |38,400|1,123.2|1,413.1|
426|InC1 - Lenovo C1040, Xeon E5-2673v4 20C 2.3GHz, 40G Ethernet , Lenovo Software Company (M)India |38,400|1,123.2|1,413.1|
427|Lenovo C1040, Xeon E5-2673v4 20C 2.3GHz, 40G Ethernet , Lenovo Software Company (M)Japan |38,400|1,123.2|1,413.1|
428|FR1 - Lenovo C1040, Xeon E5-2673v4 20C 2.3GHz, 40G Ethernet , Lenovo Software Company (M)France |38,400|1,123.2|1,413.1|
429|BC2 - Lenovo C1040, Xeon E5-2673v4 20C 2.3GHz, 40G Ethernet , Lenovo Software Company (M)Brazil |38,400|1,123.2|1,413.1|
430|SB4 - Lenovo C1040, Xeon E5-2673v4 20C 2.3GHz, 40G Ethernet , Lenovo Software Company (M)Singapore |38,400|1,123.2|1,413.1|
431|C1 - Lenovo C1040, Xeon E5-2673v4 20C 2.3GHz, 40G Ethernet , Lenovo Software Company (M)China |38,400|1,123.2|1,413.1|
432|UK6 - Lenovo C1040, Xeon E5-2673v4 20C 2.3GHz, 40G Ethernet , Lenovo Software Company (M)United Kingdom |38,400|1,123.2|1,413.1|
433|UK5 - Lenovo C1040, Xeon E5-2673v4 20C 2.3GHz, 40G Ethernet , Lenovo Software Company (M)United Kingdom |38,400|1,123.2|1,413.1|
434|Lenovo C1040, Xeon E5-2673v4 20C 2.3GHz, 40G Ethernet , Lenovo Software Company (M) SASouth Africa |38,400|1,123.2|1,413.1|
435|2 - Lenovo C1040, Xeon E5-2673v4 20C 2.3GHz, 40G Ethernet , Lenovo Software Company (M) SASouth Africa |38,400|1,123.2|1,413.1|
436|1 - Lenovo C1040, Xeon E5-2673v4 20C 2.3GHz, 40G Ethernet , Lenovo Software Company (M) SWSwitzerland |38,400|1,123.2|1,413.1|
437|Software Company (M) SW2 - Lenovo C1040, Xeon E5-2673v4 20C 2.3GHz, 40G Ethernet , Lenovo Vital-ITSwitzerland |38,400|1,123.2|1,413.1|
438|Inspur TS10000, Xeon Gold 6130 16C 2.1GHz, NVIDIA Tesla V100, 10G Ethernet , Inspur Internet Service KChina |120,960|1,123.0|10,059.6|
439|Venus - PowerEdge C6320, Xeon E5-2690v4 14C 2.6GHz, Infiniband EDR , Dell EMC / IBM-GBS NOAAUnited States |33,600|1,121.1|1,397.8|
440|Mars - PowerEdge C6320, Xeon E5-2690v4 14C 2.6GHz, Infiniband EDR , Dell EMC / IBM-GBS NOAAUnited States |33,600|1,121.1|1,397.8|
441|CT-1 - Sugon TC6000, Xeon E5-2630v4 10C 2.2GHz, 10G Ethernet , Sugon Telecom CompanyChina |66,000|1,121.0|2,323.2|
442|Inspur NF5588M4, Xeon E5-2682v4 16C 2.5GHz, NVIDIA Tesla P100, 25G Ethernet , Inspur Internet Service AChina |26,400|1,110.0|2,164.8|
443|Inspur NF5588M4, Xeon E5-2682v4 16C 2.5GHz, NVIDIA Tesla P100, 25G Ethernet , Inspur Internet Service AChina |26,400|1,110.0|2,164.8|
444|Inspur NF5588M4, Xeon E5-2682v4 16C 2.5GHz, NVIDIA Tesla P100, 25G Ethernet , Inspur Internet Service AChina |26,400|1,110.0|2,164.8|
445|Inspur NF5588M4, Xeon E5-2682v4 16C 2.5GHz, NVIDIA Tesla P100, 25G Ethernet , Inspur Internet Service AChina |26,400|1,110.0|2,164.8|
446|PVideo-C - Sugon I620, Xeon E5-2620v4 8C 2.1GHz, 10G Ethernet , Sugon Internet CompanyChina |67,200|1,108.0|2,257.9| 1,050
447|Inspur SA5212M4, Xeon E5-2682v4 16C 2.5GHz, 10G Ethernet , Inspur Internet Service AChina |57,600|1,106.0|2,304.0|
448|Inspur SA5212M4, Xeon E5-2682v4 16C 2.5GHz, 10G Ethernet , Inspur Internet Service AChina |57,600|1,106.0|2,304.0|
449|Dell C4130, Xeon E5-2630v3 8C 2.4GHz, Infiniband FDR, NVIDIA Tesla K80 , Dell EMC Energy Company (DD)United States |25,920|1,106.0|1,748.4| 3,564
450|MLSystem - Sugon I620, Xeon E5-2630v4 10C 2.2GHz, 10G Ethernet , Sugon Internet CompanyChina |64,000|1,102.0|2,252.8| 960
451|Lenovo ThinkServer RD650, Xeon E5-2680v3 12C 2.5GHz, 10G Ethernet , Lenovo Internet Company AChina |84,000|1,101.6|3,360.0| 2,625
452|Lenovo ThinkServer RD650, Xeon E5-2680v3 12C 2.5GHz, 10G Ethernet , Lenovo Internet Company AChina |84,000|1,101.6|3,360.0| 2,625
453|Magnus - Cray XC40, Xeon E5-2690v3 12C 2.6GHz, Aries interconnect , Cray Inc. Pawsey Supercomputing Centre, Kensington, Western AustraliaAustralia |35,712|1,097.6|1,485.6| 697.5
454|Huawei RH2288H V3 Cluster, Xeon E5-2683 v4 16C 2.1GHz, Infiniband EDR , Huawei Technologies Co., Ltd. Simulation Cloud Service AChina |43,008|1,089.9|1,445.1| 528.4
455|Cartesius 2 - Bullx DLC B710/B720 Blades, Xeon E5-2695 v2 2.4GHz E5-2690v3 2.6GHz, Infiniband FDR , Bull, Atos Group SURFsaraNetherlands |38,880|1,088.5|1,327.1| 706
456|Falcon - SGI ICE X, Xeon E5-2695v4 18C 2.1GHz, Infiniband FDR , HPE Idaho National LaboratoryUnited States |34,884|1,087.6|1,172.1| 354
457|ThinkSystem Flex SN550, Xeon Gold 6150 18C 2.7GHz, 10G Ethernet , Lenovo GovernmentChina |23,760|1,086.4|2,052.9|
458|HP Apollo XL7x0f, Xeon E5-2697v3 14C 2.6GHz, Infiniband FDR , HPE IT Service ProviderUnited States |36,288|1,085.5|1,509.6|
459|INSPUR SA5212M5, Xeon Gold 5117 14C 2GHz, NVIDIA Tesla V100, 10G Ethernet , Inspur Internet Service (B)China |120,240|1,080.0|9,995.0|
460|INSPUR SA5212M5, Xeon Gold 5117 14C 2GHz, NVIDIA Tesla V100, 10G Ethernet , Inspur Internet Service (B)China |120,240|1,080.0|9,995.0|
461|INSPUR SA5212M5, Xeon Gold 5117 14C 2GHz, NVIDIA Tesla V100, 10G Ethernet , Inspur Internet Service (B)China |33,840|1,080.0|2,740.7|
462|PreEarthSim - Sugon TC4600, Xeon Gold 6132 14C 2.6GHz, Intel Omni-Path , Sugon Institute of Atmospheric Physics, Chinese Academy of SciencesChina |19,264|1,075.0|1,602.8| 344
463|Turing - BlueGene/Q, Power BQC 16C 1.60GHz, Custom , IBM CNRS/IDRIS-GENCIFrance |98,304|1,073.3|1,258.3| 493.1
464|DiRAC - BlueGene/Q, Power BQC 16C 1.60GHz, Custom , IBM University of EdinburghUnited Kingdom |98,304|1,073.3|1,258.3| 493.1
465|ThinkSystem Flex SN550, Xeon Gold 6150 18C 2.7GHz, 10G Ethernet , Lenovo GovernmentChina |23,400|1,072.8|2,021.8|
466|Apollo 6000 XL260a, Intel Xeon Phi 7230 64C 1.3GHz, Infiniband EDR , HPE Energy Company (D)United States |41,600|1,071.4|1,730.6|
467|Apollo 6000 XL260a, Intel Xeon Phi 7230 64C 1.3GHz, Infiniband EDR , HPE Energy Company (D)United States |41,600|1,071.4|1,730.6|
468|BeBop - Cray CS400, Intel Xeon Phi 7230 64C 1.3GHz/Xeon E5-2695v4, Intel Omni-Path , Cray Inc. DOE/SC/Argonne National LaboratoryUnited States |46,720|1,070.6|1,750.0|
469|DGX SaturnV Volta - NVIDIA DGX-1 Volta36, Xeon E5-2698v4 20C 2.2GHz, Infiniband EDR, NVIDIA Tesla V100 , Nvidia NVIDIA CorporationUnited States |22,440|1,070.0|1,819.8| 97
470|Apollo 2000, Xeon Gold 6230 20C 2.1GHz, Infiniband EDR , HPE DTU CBSDenmark |31,360|1,069.6|2,107.4|
471|Cluster Platform 3000 BL460c Gen9, Xeon E5-2697v4 18C 2.3GHz, Infiniband FDR , HPE AutomotiveUnited States |39,744|1,061.0|1,462.6|
472|ThinkSystem Flex SN550, Xeon Gold 6150 18C 2.7GHz, 10G Ethernet , Lenovo GovernmentChina |23,040|1,060.2|1,990.7|
473|Lenovo x3950, Intel Xeon E7-8860v4 18C 2.2GHz, 10G Ethernet , Lenovo Service Provider TChina |51,840|1,060.2|1,824.8|
474|QB-2 - Dell C8220X Cluster, Intel Xeon E5-2680v2 10C 2.8GHz, Infiniband FDR, NVIDIA K20x , Dell EMC Louisiana Optical Network InitiativeUnited States |23,040|1,052.0|1,473.6| 500
475|Hellfire - SGI ICE XA, Xeon E5-2699v4 22C 2.2GHz, Infiniband EDR , HPE US Army Research Laboratory (ARL)United States |33,088|1,050.5|1,164.7| 432.5
476|Tera-100 - Bull bullx super-node S6010/S6030 , Bull, Atos Group Commissariat a l'Energie Atomique (CEA)France |138,368|1,050.0|1,254.5| 4,590
477|Inspur SA5212H5, Xeon Platinum 8163 24C 2.5GHz, NVIDIA Tesla P100, 25G Ethernet , Inspur Internet Service AChina |39,520|1,048.0|2,014.0|
478|ThinkSystem Flex SN550, Xeon Gold 6150 18C 2.7GHz, 10G Ethernet , Lenovo GovernmentChina |22,680|1,046.1|1,959.6|
479|PDataSystem - Sugon I620, Xeon E5-2640v3 8C 2.6GHz, 10G Ethernet , Sugon GovernmentChina |51,200|1,044.0|2,129.9| 960
480|Inspur NF5280M, Xeon E5-2682v4 16C 2.5GHz, NVIDIA Tesla P100, 25G Ethernet , Inspur Internet Service AChina |24,000|1,042.0|2,120.0|
481|Inspur NF5280M, Xeon E5-2682v4 16C 2.5GHz, NVIDIA Tesla P100, 25G Ethernet , Inspur Internet Service AChina |24,000|1,042.0|2,120.0|
482|Inspur NF5588M4, Xeon E5-2682v4 16C 2.5GHz, NVIDIA Tesla P100, 25G Ethernet , Inspur Internet Service AChina |24,000|1,042.0|1,968.0|
483|Inspur NF5588M4, Xeon E5-2682v4 16C 2.5GHz, NVIDIA Tesla P100, 25G Ethernet , Inspur Internet Service AChina |24,000|1,042.0|1,968.0|
484|Inspur NF5588M4, Xeon E5-2682v4 16C 2.5GHz, NVIDIA Tesla P100, 25G Ethernet , Inspur Internet Service AChina |24,000|1,042.0|1,968.0|
485|Internet Company N D1 - Lenovo RD350, Xeon E5-2630v4 10C 2.2GHz, 10G Ethernet , Lenovo Network CompanyChina |61,000|1,038.4|2,147.2|
486|Lenovo ThinkServer RD650, Xeon E5-2650v3 10C 2GHz, 10G Ethernet , Lenovo Internet Service (B)China |100,000|1,038.4|3,200.0| 3,750
487|Inspur SA5212M4, Xeon E5-2650v4 12C 2.2GHz, 10G Ethernet , Inspur Internet Service (B)China |52,800|1,038.0|1,858.6|
488|Inspur SA5212M4, Xeon E5-2650v4 12C 2.2GHz, 10G Ethernet , Inspur Internet Service (B)China |52,800|1,038.0|1,858.6|
489|datalearningsystem - Sugon W740, Xeon E5-2650v4 12C 2.2GHz, NVIDIA Tesla P40, 10G Ethernet , Sugon Internet CompanyChina |210,000|1,036.0|2,112.0| 750
490|TX-Green - S7200AP Cluster, Intel Xeon Phi 7210 64C 1.3GHz, Intel Omni-Path , Dell EMC MIT Lincoln Laboratory Supercomputing CenterUnited States |41,472|1,032.8|1,725.2|
491|ThinkSystem Flex SN550, Xeon Gold 6150 18C 2.7GHz, 10G Ethernet , Lenovo GovernmentChina |22,320|1,031.1|1,928.4|
492|Inspur SA5212H5, Xeon Platinum 8163 24C 2.5GHz, NVIDIA Tesla P100, 10G Ethernet , Inspur Internet Service AChina |57,600|1,030.0|1,908.0|
493|Taurus - bullx DLC 720, Xeon E5-2680v3 12C 2.5GHz, Infiniband FDR , Bull, Atos Group TU Dresden, ZIHGermany |34,656|1,029.9|1,386.2| 582
494|Lengau - PowerEdge C6320, Xeon E5-2690v3 12C 2.6GHz, Infiniband FDR , Dell EMC Centre for High Performance ComputingSouth Africa |32,856|1,029.3|1,366.8| 685
495|Palmetto2 - HP SL250s /Lenovo NX360M5, Dell C4130, XL190r/R740 , Xeon 6148G/E5-2665 8C 2.4GHz/E5-2670v2, FDR, K20m/K40/K20/P100 , HPE Clemson UniversityUnited States |12,592|1,029.0|3,025.0|
496|Pdata-1 - Sugon I620, Xeon E5-2650v4 12C 2.2GHz, 10G Ethernet , Sugon Internet Service (B)China |58,800|1,028.0|2,069.8| 735
497|PVideo-A - Sugon I620, Xeon E5-2620v3 6C 2.4GHz, 10G Ethernet , Sugon Internet CompanyChina |54,000|1,026.0|2,073.6| 900
498|Internet Company N D2 - Lenovo RD350, Xeon E5-2630v4 10C 2.2GHz, 10G Ethernet , Lenovo Network CompanyChina |60,000|1,022.0|2,112.0|
499|Romeo - Bull Sequana X1125, Xeon Gold 6132 14C 2.6GHz, Bull BXI 1.2, NVIDIA Tesla P100 NVLink , Bull, Atos Group ROMEO HPC Center - Champagne-ArdenneFrance |17,640|1,022.0|1,484.0| 127
500|Inspur SA5212H5, Xeon E5-2682v4 16C 2.5GHz, NVIDIA Tesla P100, 25G Ethernet , Inspur Internet Service AChina |27,360|1,021.0|2,014.0|
